client_id,days_since_prev,contacts_before,outcome_id
24061,151,3,1
24063,166,1,2
24065,91,4,1
24073,86,4,2
24078,143,3,1
24081,147,2,3
24087,89,2,2
24123,140,4,2
24128,176,1,1
24137,101,11,2
24152,174,2,1
24161,170,3,1
24166,167,3,3
24171,174,1,1
24185,195,2,1
24187,165,2,1
24188,129,2,1
24190,188,1,1
24199,196,2,1
24204,172,1,1
24208,118,1,1
24209,167,2,1
24231,119,3,1
24235,104,2,2
24237,171,2,1
24239,117,2,2
24240,164,2,3
24251,132,1,1
24254,129,2,1
24255,131,1,1
24258,123,2,1
24265,159,1,3
24266,186,2,1
24267,186,1,1
24296,167,16,2
24300,111,6,1
24301,115,5,2
24312,172,2,1
24313,111,2,1
24316,123,2,1
24324,116,1,1
24327,173,1,1
24328,123,1,1
24331,178,2,2
24332,166,10,1
24344,164,3,1
24347,111,3,1
24351,110,2,1
24354,115,1,1
24359,152,1,1
24360,115,1,1
24365,96,4,1
24367,103,4,1
24369,103,2,2
24396,174,2,1
24403,118,3,1
24406,150,1,1
24408,188,1,2
24412,175,2,1
24413,196,1,1
24416,110,2,1
24417,104,1,1
24422,193,3,1
24423,118,3,1
24426,104,1,1
24427,188,2,1
24430,181,1,1
24436,103,4,3
24440,165,2,2
24450,185,4,2
24451,186,1,1
24462,131,1,1
24470,123,3,1
24474,181,2,1
24476,131,1,1
24487,154,3,1
24490,131,1,1
24491,181,1,1
24493,181,1,1
24495,145,1,1
24503,131,1,1
24504,181,1,2
24506,171,5,2
24507,119,10,3
24509,145,1,2
24511,138,2,1
24518,171,2,1
24521,195,2,1
24529,171,2,2
24532,126,3,1
24536,188,1,1
24537,145,1,1
24546,150,3,3
24554,96,2,1
24555,188,2,1
24557,150,12,1
24561,173,1,1
24567,196,1,1
24568,132,2,1
24571,126,3,1
24574,111,4,1
24575,193,1,3
24579,119,1,1
24581,126,3,1
24582,123,7,2
24584,195,2,1
24589,151,2,1
24590,180,3,1
24591,129,2,1
24592,195,1,1
24593,172,2,1
24596,150,2,2
24597,129,18,2
24606,131,1,2
24607,180,1,1
24610,109,9,1
24611,129,1,1
24612,186,2,1
24617,193,2,1
24619,101,3,1
24623,150,1,3
24624,172,2,1
24625,109,21,2
24627,167,6,1
24628,119,1,1
24630,186,1,1
24633,171,2,1
24634,119,2,1
24638,151,1,1
24639,117,3,1
24644,158,8,2
24650,109,11,1
24659,111,6,1
24663,131,4,1
24666,96,2,1
24673,119,3,1
24676,168,2,1
24677,172,1,1
24685,131,1,1
24687,196,1,1
24692,195,1,1
24697,186,7,1
24698,172,1,1
24699,117,3,1
24700,171,4,1
24702,186,4,1
24703,151,2,1
24704,109,4,1
24710,126,2,1
24715,168,2,1
24719,150,5,2
24722,175,1,1
24724,186,9,2
24730,117,1,1
24738,97,3,1
24740,182,1,1
24753,127,4,1
24754,130,2,1
24757,110,2,1
24759,194,2,1
24761,168,1,2
24762,125,5,1
24766,176,1,1
24777,105,1,1
24780,166,2,1
24787,165,2,3
24788,172,3,1
24796,102,6,1
24802,172,3,2
24803,26,3,3
24805,193,1,2
24826,179,3,2
24827,96,2,2
24835,167,1,2
24838,182,2,1
24839,28,2,3
24844,179,6,1
24845,182,2,1
24851,182,1,1
24852,183,2,1
24859,155,3,1
24860,131,1,1
24864,195,1,1
24865,110,5,1
24867,165,2,1
24868,182,7,1
24870,138,1,1
24872,182,1,1
24873,96,4,1
24877,186,3,1
24879,127,2,1
24885,182,1,1
24898,172,3,1
24899,195,1,1
24901,126,3,1
24902,110,4,1
24903,186,1,3
24905,173,2,2
24910,167,2,1
24912,172,3,1
24916,188,1,1
24918,112,2,1
24919,173,2,1
24920,127,5,1
24923,182,1,2
24924,168,1,1
24928,96,6,1
24937,127,6,2
24941,110,2,1
24942,173,3,1
24944,120,3,2
24945,137,1,2
24948,124,6,1
24949,110,3,2
24955,175,2,1
24956,127,3,1
24960,188,1,1
24961,187,3,1
24962,190,6,1
24970,181,2,1
24971,181,3,1
24983,182,1,1
24986,172,2,1
24987,175,2,1
24988,126,2,1
24993,154,2,1
25000,196,1,1
25003,165,1,1
25005,168,2,1
25014,182,1,1
25015,188,1,1
25016,168,2,2
25023,179,2,1
25025,131,1,1
25026,181,4,2
25030,175,1,1
25031,113,2,2
25035,113,3,2
25037,165,2,1
25045,102,2,1
25048,104,2,1
25051,110,2,3
25059,110,2,1
25061,154,1,1
25069,181,1,1
25072,162,2,1
25073,183,5,1
25074,159,1,1
25079,113,2,1
25086,172,8,1
25096,124,2,1
25097,110,2,1
25113,102,2,1
25119,124,1,3
25121,188,1,1
25123,124,2,1
25126,154,6,2
25127,110,2,1
25130,179,3,1
25133,124,1,1
25134,127,7,2
25136,183,1,2
25137,110,2,1
25147,124,1,1
25149,124,1,1
25152,116,1,1
25154,187,3,1
25158,110,2,1
25166,182,2,1
25176,123,1,1
25178,195,1,1
25182,165,2,1
25185,174,1,2
25188,152,1,1
25193,123,2,1
25200,104,2,1
25204,187,2,1
25206,134,2,2
25208,96,4,1
25214,182,1,1
25221,116,1,2
25225,113,5,1
25229,151,14,1
25230,188,1,1
25231,154,1,1
25234,196,2,1
25235,168,1,2
25236,110,3,2
25239,193,2,1
25240,110,4,1
25242,151,2,2
25246,111,2,1
25251,175,2,1
25254,110,3,2
25257,188,3,1
25261,134,7,1
25267,152,1,2
25274,169,1,1
25275,111,3,1
25277,132,1,2
25279,162,12,1
25280,179,3,1
25283,113,7,3
25285,169,2,1
25286,131,1,1
25289,189,1,1
25293,186,3,1
25296,181,2,2
25298,110,4,3
25305,182,1,1
25306,174,1,1
25309,166,6,1
25315,110,2,1
25322,110,2,2
25328,182,1,1
25333,126,4,2
25334,131,1,1
25337,179,4,1
25338,194,2,1
25345,112,8,2
25348,189,1,1
25351,152,11,2
25352,8,1,1
25354,110,15,1
25358,181,2,1
25360,176,2,1
25365,124,1,1
25366,119,2,1
25368,117,7,1
25370,113,5,1
25374,154,3,2
25378,120,4,1
25379,137,2,1
25381,172,1,1
25383,110,3,1
25384,127,3,1
25385,112,2,1
25388,144,5,1
25393,96,2,1
25394,188,2,1
25399,166,3,2
25402,123,1,1
25405,186,6,1
25409,162,1,1
25410,175,2,1
25411,144,1,1
25412,123,1,2
25415,123,3,1
25416,102,2,1
25421,152,14,1
25423,193,1,1
25424,123,1,2
25425,110,2,1
25435,187,2,2
25438,110,2,2
25443,186,1,1
25449,119,11,1
25455,191,4,1
25462,184,3,1
25463,166,2,1
25467,182,1,1
25478,169,5,1
25479,175,2,3
25480,111,2,1
25481,111,2,2
25483,182,1,1
25486,170,1,1
25487,180,2,1
25490,182,2,1
25491,188,2,1
25492,182,1,1
25495,177,3,1
25503,182,2,1
25504,170,3,1
25505,182,3,1
25506,168,2,2
25511,111,3,1
25514,170,1,1
25520,180,1,2
25526,5,1,3
25531,99,2,1
25535,154,3,1
25536,180,1,1
25537,111,2,1
25538,99,2,3
25541,191,1,1
25542,183,3,2
25543,120,2,1
25545,120,1,1
25550,133,4,2
25553,133,2,1
25556,168,1,3
25557,154,8,2
25568,111,1,2
25569,93,4,1
25570,93,5,1
25571,97,2,2
25574,92,4,1
25579,170,1,2
25580,155,3,1
25581,175,1,2
25582,182,2,1
25588,10,1,1
25595,170,2,1
25596,169,2,1
25605,180,2,1
25609,180,1,2
25618,125,1,1
25619,91,3,1
25621,189,6,1
25624,180,1,1
25628,100,4,1
25637,156,1,1
25638,113,3,1
25654,113,2,2
25658,177,5,1
25662,198,2,2
25676,177,1,1
25677,152,6,1
25679,195,9,1
25690,106,1,1
25699,175,1,1
25700,183,1,1
25701,117,8,3
25703,117,1,2
25707,184,5,1
25715,152,1,3
25717,166,2,1
25718,105,4,1
25722,190,4,3
25729,111,10,1
25730,182,1,2
25742,111,1,1
25745,190,1,2
25746,153,2,1
25750,183,1,1
25751,152,2,1
25753,188,9,1
25755,174,1,1
25756,174,1,1
25759,167,1,1
25760,119,2,1
25764,189,2,2
25766,113,2,1
25767,152,4,1
25768,174,4,2
25778,126,7,1
25781,127,4,2
25782,112,4,1
25783,174,2,1
25786,198,1,1
25788,146,1,1
25790,153,1,2
25791,174,1,1
25797,153,2,2
25799,195,1,2
25813,120,2,1
25815,128,3,1
25817,175,1,1
25818,128,3,1
25830,118,2,1
25835,112,2,1
25840,153,2,1
25841,183,1,1
25843,170,2,1
25846,174,1,3
25847,111,2,1
25857,180,2,1
25859,174,1,1
25868,111,2,1
25869,111,2,1
25871,111,2,1
25880,152,2,1
25890,183,1,1
25899,189,8,1
25906,166,3,1
25910,175,1,2
25913,169,2,1
25917,183,1,2
25920,198,1,1
25927,183,1,1
25932,131,2,1
25934,183,2,1
25938,166,1,1
25942,183,1,1
25946,152,5,1
25947,170,2,1
25948,127,5,1
25950,113,1,1
25951,183,1,1
25956,174,2,2
25959,180,4,1
25963,7,4,3
25965,133,1,1
25967,189,1,1
25969,119,4,1
25974,184,2,1
25977,174,1,2
25985,195,2,2
25987,104,4,1
25990,145,3,1
26004,183,2,2
26007,121,2,3
26010,188,2,2
26012,160,1,1
26015,175,1,1
26016,111,6,1
26021,190,2,1
26028,170,2,1
26031,173,1,1
26035,117,2,2
26036,133,3,1
26039,180,1,2
26044,160,1,1
26047,174,1,1
26048,126,1,1
26051,173,6,1
26052,111,3,1
26056,153,1,1
26058,107,2,1
26059,90,6,1
26061,170,3,1
26062,175,12,2
26070,174,2,3
26074,170,3,1
26078,117,3,1
26083,99,5,1
26097,111,7,1
26101,27,1,3
26102,167,3,2
26103,124,1,1
26109,133,3,1
26113,174,1,1
26116,153,1,2
26118,187,3,1
26122,166,3,2
26128,174,3,3
26132,189,1,2
26133,100,2,1
26136,170,3,2
26138,112,4,2
26145,147,4,1
26150,198,2,1
26153,171,3,3
26156,119,2,3
26164,184,1,2
26170,191,2,1
26171,183,4,1
26177,197,1,1
26179,171,2,1
26191,106,2,3
26193,128,2,1
26195,136,4,1
26197,174,2,1
26203,184,1,1
26206,184,1,1
26207,184,1,1
26208,101,4,2
26214,189,4,1
26216,167,2,1
26231,183,4,1
26235,176,2,1
26236,105,2,2
26238,139,1,1
26239,191,1,1
26241,167,1,2
26243,183,2,1
26249,185,2,1
26258,196,1,1
26262,190,1,1
26265,91,2,1
26268,122,1,1
26270,134,1,1
26283,178,4,1
26292,185,3,1
26296,105,2,3
26298,171,1,1
26311,127,1,1
26319,104,2,2
26322,127,2,1
26326,190,1,1
26331,100,10,2
26332,190,2,1
26339,176,4,1
26350,170,1,2
26354,190,1,1
26363,157,1,1
26367,177,1,1
26369,167,1,1
26370,190,1,1
26383,190,4,2
26386,136,3,1
26390,183,2,1
26391,126,1,1
26395,129,4,1
26399,155,14,1
26401,177,9,1
26404,183,1,1
26405,164,2,1
26406,184,1,1
26411,113,8,1
26420,181,11,1
26428,122,6,1
26435,167,1,1
26436,122,2,1
26438,170,4,2
26443,190,2,1
26445,171,4,2
26446,177,1,1
26448,183,1,1
26451,195,6,1
26454,177,3,1
26455,178,5,1
26464,188,1,3
26469,177,4,1
26471,118,1,2
26479,149,4,1
26486,153,4,1
26489,139,6,1
26499,183,2,1
26503,122,2,2
26512,91,1,1
26515,183,2,1
26517,149,3,1
26518,190,1,1
26520,104,1,1
26535,155,2,1
26540,189,2,1
26546,190,2,1
26555,135,1,1
26558,183,2,1
26561,170,1,1
26566,183,2,1
26569,92,4,1
26577,177,2,1
26579,101,2,1
26580,195,1,2
26581,133,1,1
26593,106,2,1
26607,171,3,1
26611,183,1,1
26613,156,2,2
26615,189,1,1
26618,154,1,1
26619,133,1,1
26625,100,6,2
26632,100,2,1
26650,188,2,1
26651,190,4,2
26654,178,5,1
26657,190,3,3
26658,153,26,1
26660,196,1,2
26665,189,2,1
26667,189,1,1
26668,8,1,1
26669,112,37,2
26672,164,2,1
26673,174,3,1
26681,122,1,2
26686,177,16,2
26688,164,1,1
26697,185,7,1
26704,177,2,1
26705,181,4,1
26706,167,1,1
26707,183,3,1
26711,157,1,1
26716,189,2,1
26719,156,2,1
26722,189,2,1
26727,104,3,1
26731,184,3,2
26734,162,3,1
26738,183,1,1
26742,181,5,2
26745,184,2,1
26760,183,1,1
26766,183,1,1
26768,189,2,2
26773,100,2,1
26778,112,3,2
26784,101,3,1
26791,196,4,1
26800,185,4,1
26804,125,2,2
26813,189,1,1
26816,135,1,1
26825,188,8,2
26827,178,7,1
26828,30,1,1
26834,178,6,1
26835,114,4,1
26836,183,2,1
26837,113,13,2
26841,174,1,1
26845,115,6,1
26851,112,2,2
26854,183,2,1
26861,98,4,2
26863,170,8,2
26866,189,2,3
26867,174,4,1
26869,112,2,1
26874,175,3,1
26889,113,2,2
26891,133,1,1
26894,186,1,2
26899,192,2,1
26900,168,2,2
26904,189,3,1
26907,175,15,2
26908,114,7,1
26910,157,1,1
26913,123,1,1
26915,113,4,1
26919,185,1,2
26922,113,8,1
26923,163,2,1
26927,34,1,1
26929,121,2,1
26937,121,1,1
26940,158,25,1
26944,177,1,1
26945,182,1,1
26946,95,13,2
26956,100,2,1
26957,100,2,3
26962,10,1,1
26970,175,3,2
26971,171,1,1
26972,197,3,1
26973,106,7,1
26980,182,1,1
26984,172,2,1
26985,189,2,1
26987,101,2,1
26989,127,4,2
26994,184,2,1
26998,163,2,1
27004,157,4,1
27006,184,1,2
27007,126,2,1
27008,113,2,2
27014,123,8,1
27021,185,1,1
27025,135,2,1
27030,168,2,1
27031,95,8,1
27037,178,3,2
27038,109,1,2
27047,163,1,2
27048,141,2,1
27057,186,1,2
27063,182,1,1
27069,155,3,2
27076,101,3,1
27077,177,1,2
27081,192,2,1
27083,182,1,1
27084,113,2,1
27088,101,1,1
27089,184,2,1
27095,163,4,2
27099,154,1,1
27105,92,2,2
27108,92,20,2
27128,185,2,1
27129,113,5,2
27130,154,5,1
27133,119,1,1
27138,172,2,1
27147,179,4,1
27149,106,2,1
27150,100,2,1
27154,102,2,1
27162,120,3,1
27167,171,5,1
27168,100,2,1
27175,185,2,1
27178,99,9,2
27181,106,5,1
27184,127,1,1
27185,130,3,2
27187,133,2,1
27191,171,1,1
27193,121,1,1
27199,172,2,1
27204,176,1,1
27210,109,1,2
27219,176,1,1
27220,168,4,1
27221,184,2,1
27224,186,1,1
27232,171,1,1
27234,133,2,2
27236,182,5,1
27245,172,1,1
27246,113,4,1
27252,113,5,1
27253,157,1,1
27256,185,1,1
27258,128,2,2
27259,171,7,1
27263,189,1,1
27264,158,3,1
27268,119,3,2
27271,179,5,1
27272,101,4,1
27274,127,2,1
27277,179,4,1
27278,122,4,1
27286,182,2,1
27290,184,1,1
27296,136,3,1
27301,175,1,1
27302,157,2,1
27305,190,1,1
27306,126,1,1
27310,184,2,1
27311,170,3,1
27312,127,1,1
27314,182,1,1
27321,192,2,2
27328,31,1,1
27332,179,4,2
27334,157,2,1
27336,168,2,1
27339,199,1,3
27340,155,3,2
27350,95,2,2
27353,94,3,2
27362,116,3,1
27363,199,1,1
27366,113,5,1
27368,137,1,1
27369,113,5,2
27375,123,3,1
27385,172,3,1
27389,129,3,1
27390,102,4,1
27398,175,4,1
27400,113,4,1
27401,130,3,2
27407,176,10,1
27412,190,1,2
27420,175,1,1
27426,189,1,1
27428,198,1,1
27435,129,4,1
27440,101,6,3
27444,93,2,1
27448,130,3,1
27449,140,11,1
27450,100,6,1
27454,182,3,1
27455,155,1,3
27459,185,2,1
27461,101,5,1
27463,135,1,1
27473,192,1,1
27477,184,1,1
27479,171,4,1
27485,157,4,1
27486,179,2,2
27489,191,1,1
27494,156,8,1
27504,168,2,1
27505,116,3,2
27507,154,4,1
27512,116,4,1
27520,175,1,1
27521,193,4,1
27537,191,4,1
27544,106,2,2
27550,182,3,1
27553,154,5,1
27554,115,3,1
27558,100,5,1
27562,93,3,1
27569,93,4,1
27576,184,1,2
27578,175,1,2
27592,91,4,1
27593,177,6,1
27595,182,2,2
27597,99,2,2
27599,193,4,1
27602,176,2,2
27606,113,3,1
27607,108,3,2
27610,179,4,1
27615,182,3,1
27623,185,1,2
27624,127,2,1
27625,141,9,2
27627,176,7,1
27629,185,2,1
27630,186,3,2
27632,94,8,1
27635,127,3,1
27639,191,2,1
27640,113,27,1
27650,190,1,1
27651,137,1,1
27652,114,1,1
27661,185,2,1
27665,126,5,2
27668,192,1,2
27669,143,1,1
27671,114,1,1
27672,102,5,1
27679,175,1,1
27681,179,3,2
27685,176,4,2
27689,113,2,1
27694,179,3,1
27696,29,4,3
27705,136,1,1
27712,119,8,1
27730,268,1,1
27731,268,2,1
27740,169,3,1
27741,247,2,1
27743,253,5,2
27753,247,2,3
27754,226,1,3
27756,167,2,1
27758,244,1,2
27759,239,2,1
27760,244,1,2
27774,196,2,1
27779,245,1,1
27781,245,2,1
27787,204,1,2
27790,197,4,1
27792,231,1,1
27793,182,8,1
27795,238,2,1
27797,258,1,2
27802,204,1,1
27814,230,1,1
27815,254,3,1
27819,265,4,1
27825,177,2,1
27831,189,1,1
27838,245,2,1
27840,196,1,1
27856,184,8,1
27865,204,2,1
27866,71,1,1
27871,223,9,2
27875,265,2,1
27887,189,1,1
27888,183,2,1
27889,246,4,1
27892,181,5,1
27895,183,6,3
27898,184,4,1
27903,197,2,1
27904,190,2,1
27905,182,5,1
27909,154,16,1
27910,268,2,1
27916,198,3,1
27929,163,5,2
27936,191,1,1
27943,189,1,2
27959,153,3,1
27961,223,1,1
27968,181,5,1
27971,176,2,1
27975,184,7,3
27977,250,1,2
27978,177,1,1
27983,154,6,1
27985,266,1,2
27986,153,12,1
28003,240,1,2
28008,204,1,1
28010,268,1,2
28016,181,6,1
28025,184,2,1
28027,258,2,1
28030,184,15,2
28032,156,8,2
28035,205,3,1
28042,187,1,2
28045,247,3,1
28049,191,1,1
28063,205,1,1
28064,160,13,1
28073,268,2,2
28088,258,3,2
28100,183,4,1
28107,254,2,1
28125,223,5,1
28126,170,4,1
28128,246,1,2
28131,266,2,1
28133,245,2,1
28137,185,13,2
28138,266,2,1
28140,247,2,1
28141,185,7,1
28142,240,1,2
28143,239,1,2
28146,247,2,1
28150,261,2,1
28151,259,3,1
28153,241,1,1
28154,189,3,1
28159,260,2,1
28161,234,2,1
28163,197,1,1
28166,197,1,1
28167,261,6,1
28168,198,1,1
28171,253,1,1
28173,266,1,1
28174,226,3,1
28178,192,1,1
28179,184,4,2
28180,245,2,1
28183,171,5,1
28184,188,2,1
28185,182,8,2
28186,259,9,1
28187,258,8,1
28188,196,1,1
28189,168,4,1
28192,223,27,1
28194,188,1,1
28196,260,4,1
28197,195,5,2
28199,164,4,2
28206,244,2,1
28208,245,2,2
28215,239,1,2
28218,266,1,1
28220,195,3,1
28222,247,1,1
28223,251,2,1
28224,183,3,1
28225,261,1,1
28227,225,2,3
28229,261,2,1
28232,183,10,2
28233,161,2,1
28237,241,1,1
28239,247,2,1
28241,258,2,1
28247,195,1,2
28250,199,6,1
28251,195,2,1
28256,237,2,2
28261,237,17,2
28262,244,1,1
28263,245,1,1
28264,253,1,1
28266,262,3,1
28268,195,1,1
28272,265,1,1
28280,192,3,2
28282,251,6,1
28283,185,5,1
28287,248,2,2
28289,259,2,1
28290,245,1,1
28295,244,2,1
28306,163,4,1
28307,241,4,1
28309,247,1,1
28311,205,2,2
28313,265,1,1
28316,254,3,1
28318,241,1,1
28322,254,3,1
28323,185,5,2
28325,265,2,1
28326,258,1,1
28335,246,1,1
28336,192,1,1
28343,240,1,1
28345,255,2,2
28346,247,1,1
28348,188,4,1
28349,220,2,3
28350,265,1,1
28352,197,13,2
28360,244,3,1
28364,262,3,1
28367,262,1,1
28370,259,4,1
28372,227,3,1
28374,245,3,1
28377,262,2,1
28380,188,1,2
28385,182,9,2
28386,245,6,1
28387,182,23,2
28392,184,7,1
28394,191,1,1
28396,226,2,1
28403,251,7,2
28408,188,5,1
28409,261,3,1
28412,185,3,1
28413,259,2,1
28414,259,5,1
28415,261,2,1
28416,248,6,2
28419,240,2,1
28421,206,7,2
28422,261,2,1
28429,247,1,1
28431,247,2,1
28432,261,1,1
28435,223,3,1
28436,244,4,1
28456,265,2,1
28476,246,5,1
28478,196,1,1
28480,205,2,1
28481,247,1,1
28489,245,4,1
28490,265,1,1
28491,196,1,1
28495,266,2,1
28497,192,2,2
28498,154,7,1
28499,248,38,1
28500,161,2,1
28501,247,2,1
28503,262,3,1
28505,247,1,1
28508,253,2,1
28509,226,7,1
28510,205,2,1
28518,251,5,1
28520,160,2,1
28523,227,1,1
28528,183,11,1
28530,184,5,1
28531,247,2,1
28534,185,8,1
28536,246,1,1
28537,196,2,1
28545,240,8,2
28546,259,3,3
28548,258,1,2
28551,234,5,1
28555,245,3,1
28556,223,5,1
28559,162,4,1
28562,224,1,2
28564,245,3,1
28566,261,1,2
28567,192,3,1
28575,197,1,1
28577,160,2,2
28578,205,2,3
28579,255,2,2
28585,182,29,1
28590,224,18,2
28592,182,24,2
28593,244,5,1
28597,255,1,2
28601,255,1,2
28603,258,1,2
28604,266,1,1
28607,206,6,2
28612,246,2,1
28615,227,2,1
28618,238,8,2
28620,254,3,1
28621,164,4,2
28622,246,1,1
28623,188,9,1
28624,246,1,1
28625,239,1,1
28629,260,2,1
28631,195,7,1
28635,265,4,1
28638,262,5,1
28640,254,1,1
28641,258,3,1
28643,247,2,1
28646,192,3,3
28648,206,1,2
28652,183,25,2
28655,196,1,2
28657,190,2,1
28660,192,3,2
28664,158,7,2
28667,259,1,1
28671,266,2,1
28675,254,1,1
28676,249,2,2
28679,235,1,2
28680,189,1,1
28683,241,1,2
28688,240,2,1
28700,228,1,1
28702,259,7,1
28704,248,1,1
28707,205,3,1
28708,262,2,1
28709,189,2,1
28710,260,1,1
28713,248,1,1
28714,191,1,2
28719,259,1,1
28722,247,1,1
28726,241,1,2
28728,197,1,2
28730,263,3,1
28737,248,2,1
28739,2,2,2
28740,2,2,2
28745,2,1,2
28746,205,1,1
28747,2,5,2
28748,2,2,2
28755,2,1,2
28756,2,3,2
28759,270,2,1
28760,189,1,1
28761,2,1,2
28762,2,1,2
28763,2,5,2
28766,2,1,2
28768,270,2,1
28769,206,2,2
28771,196,2,2
28772,2,3,2
28773,2,4,2
28774,2,6,2
28776,232,3,2
28780,2,3,2
28781,248,2,1
28782,2,1,2
28784,191,4,1
28787,2,1,2
28792,2,3,2
28802,252,1,1
28812,266,2,1
28813,241,1,1
28815,207,1,1
28818,2,1,2
28820,2,3,2
28821,2,2,2
28823,197,2,1
28825,248,2,1
28826,172,1,1
28828,252,1,1
28833,2,5,2
28834,2,1,2
28836,200,4,1
28838,270,1,2
28840,228,14,2
28842,252,1,1
28843,262,1,2
28845,197,2,2
28849,2,17,2
28851,2,1,2
28852,169,2,2
28856,2,2,2
28860,266,1,1
28862,252,1,2
28866,269,3,1
28869,2,3,2
28870,232,1,1
28872,239,3,1
28874,270,2,1
28875,263,3,1
28877,2,1,2
28880,233,8,2
28886,235,2,1
28887,256,51,1
28890,245,3,1
28891,228,4,2
28894,2,7,2
28895,2,1,2
28897,256,3,2
28900,2,2,2
28901,2,2,2
28903,2,1,2
28904,2,1,2
28908,174,4,1
28917,5,2,2
28926,273,1,1
28927,272,2,1
28930,259,2,1
28932,242,2,1
28937,264,3,1
28940,180,3,1
28944,273,1,1
28949,245,4,1
28957,208,1,1
28963,263,3,2
28964,214,2,1
28967,5,2,2
28968,222,2,1
28971,271,2,2
28974,272,1,1
28976,249,2,1
28977,255,2,1
28980,206,2,1
28983,208,1,1
28984,193,3,1
28988,203,3,1
28989,221,1,1
28992,242,2,1
28993,208,1,2
28995,272,1,1
28999,249,2,1
29001,5,1,1
29002,199,2,1
29006,271,4,1
29010,5,1,2
29013,207,1,1
29017,273,1,1
29030,265,4,2
29032,241,3,1
29033,206,2,1
29034,250,1,1
29038,235,1,1
29039,202,4,1
29040,269,1,3
29041,216,2,1
29044,252,1,1
29045,249,2,2
29046,252,2,1
29047,201,2,3
29048,186,3,1
29051,266,7,1
29053,258,1,1
29054,175,2,1
29059,257,2,1
29061,258,2,1
29062,229,5,2
29066,252,2,1
29067,214,1,1
29068,269,1,1
29070,271,1,1
29072,208,1,1
29073,272,1,1
29074,210,3,3
29076,188,3,1
29077,271,2,1
29079,195,5,2
29081,264,2,1
29082,161,5,2
29086,252,1,1
29090,262,3,2
29093,262,1,1
29094,5,3,2
29095,241,2,2
29096,266,4,1
29097,217,2,1
29100,188,4,1
29104,271,1,1
29115,264,1,1
29116,270,2,1
29117,195,3,1
29133,206,2,2
29135,75,1,1
29136,206,1,1
29137,199,1,1
29144,250,2,1
29147,252,2,2
29151,258,1,1
29154,208,1,1
29155,179,3,1
29157,266,1,1
29160,264,10,2
29169,216,1,2
29170,258,2,1
29173,258,1,2
29175,252,1,2
29177,269,2,2
29179,196,2,1
29181,264,4,1
29182,252,1,1
29183,262,275,2
29184,178,4,3
29185,265,3,1
29188,271,1,1
29189,213,1,1
29195,208,1,3
29197,189,4,1
29207,193,2,2
29212,193,2,2
29219,189,4,1
29223,263,3,2
29228,271,2,1
29231,265,3,2
29235,264,1,2
29237,264,2,1
29248,187,2,1
29256,263,1,1
29257,187,3,1
29259,272,1,1
29261,269,2,1
29263,269,3,1
29265,195,4,1
29269,75,1,1
29276,272,1,1
29277,189,2,1
29279,217,4,1
29280,238,9,2
29282,241,3,2
29285,257,2,2
29286,230,2,1
29289,73,1,1
29290,207,1,2
29291,175,2,1
29293,76,4,1
29301,227,14,1
29304,200,7,2
29305,272,2,1
29311,76,4,1
29312,263,1,1
29313,242,3,1
29316,264,2,1
29321,73,2,3
29322,187,2,1
29324,258,1,2
29334,252,1,1
29342,207,1,2
29347,272,1,1
29352,5,5,2
29353,244,1,1
29354,5,2,2
29355,5,1,2
29356,228,1,2
29361,201,1,2
29363,5,1,2
29366,250,1,1
29370,208,1,1
29373,245,8,1
29374,271,1,1
29375,208,1,1
29377,269,2,1
29385,245,1,2
29388,271,2,2
29389,244,13,1
29395,187,2,1
29396,271,1,1
29398,174,4,2
29399,269,3,2
29401,208,1,1
29402,73,1,2
29403,5,3,2
29405,252,3,2
29406,262,2,1
29410,259,1,1
29412,203,5,1
29413,231,1,1
29415,221,4,1
29417,267,1,2
29420,259,1,1
29421,271,2,1
29425,265,5,2
29437,211,3,1
29441,264,4,2
29442,263,5,3
29443,222,3,2
29445,272,1,1
29446,265,3,1
29447,202,9,1
29451,195,8,2
29457,215,1,1
29458,253,1,1
29460,265,2,1
29461,271,2,1
29466,190,6,1
29471,271,4,1
29476,190,3,1
29477,273,1,1
29478,265,1,2
29479,270,2,1
29480,256,1,1
29482,250,23,1
29495,173,3,1
29506,195,4,1
29507,201,1,1
29511,160,5,2
29520,252,4,1
29532,77,2,1
29533,270,1,1
29535,272,1,1
29536,236,2,1
29538,270,5,1
29542,196,2,2
29546,264,4,1
29549,180,2,1
29557,201,7,2
29558,267,4,1
29565,256,1,1
29568,201,6,1
29571,251,4,2
29575,256,1,1
29589,197,1,1
29590,159,14,1
29595,271,2,1
29602,251,3,1
29603,82,1,1
29605,249,1,1
29614,90,1,3
29617,270,2,2
29618,214,1,1
29621,271,4,1
29623,196,6,1
29626,6,1,2
29631,271,2,3
29632,201,2,1
29636,6,13,2
29638,211,5,1
29640,200,10,2
29644,271,5,1
29649,253,2,2
29653,263,2,1
29661,209,1,1
29662,265,2,1
29664,161,5,2
29665,6,3,2
29667,6,3,2
29668,264,9,1
29671,188,4,1
29672,202,7,2
29673,270,2,1
29675,244,6,1
29677,264,2,2
29678,6,6,2
29679,187,11,2
29680,252,3,1
29683,211,3,2
29685,187,5,2
29688,204,4,1
29690,252,4,1
29693,215,1,2
29694,267,6,1
29696,252,1,2
29698,209,1,1
29700,270,3,2
29702,6,3,2
29706,251,2,1
29708,251,4,1
29711,217,5,2
29712,270,2,1
29713,264,2,1
29714,6,1,2
29716,169,12,1
29721,204,3,1
29725,257,1,1
29731,210,1,1
29733,273,1,2
29738,251,1,1
29739,251,1,1
29741,265,6,2
29742,273,1,1
29744,272,2,2
29745,244,3,1
29749,274,2,2
29753,244,1,1
29759,216,2,2
29763,274,1,1
29766,247,1,2
29767,189,16,2
29769,189,2,1
29770,246,4,1
29775,274,2,1
29776,244,1,1
29779,1,1,3
29780,208,2,1
29782,274,2,1
29783,196,4,1
29785,274,3,1
29786,259,3,2
29790,222,1,2
29804,272,3,1
29807,230,1,2
29811,245,1,1
29813,205,3,1
29814,251,1,1
29819,197,9,1
29825,268,4,1
29834,190,6,1
29836,260,4,1
29844,260,1,1
29846,274,4,1
29848,274,1,1
29849,271,1,2
29850,189,2,3
29855,209,1,1
29868,273,1,1
29869,237,20,2
29880,266,3,1
29882,274,3,1
29884,250,4,1
29890,264,4,1
29895,208,1,2
29896,246,4,1
29899,238,7,2
29902,247,1,2
29904,250,1,1
29907,198,4,1
29910,196,8,1
29918,204,2,2
29927,243,1,1
29928,251,5,1
29929,7,1,2
29930,243,3,1
29933,267,1,1
29935,203,1,1
29943,274,2,1
29951,252,4,2
29952,77,1,1
29955,272,3,2
29956,204,2,1
29959,253,7,2
29961,201,2,1
29966,191,3,1
29970,272,2,1
29972,204,2,2
29975,264,1,1
29978,212,3,1
29982,253,1,1
29990,253,1,1
29995,201,3,1
30000,272,1,1
30005,7,2,2
30007,215,2,2
30013,201,1,1
30016,273,2,1
30017,205,2,1
30018,271,1,1
30028,267,5,1
30031,198,7,1
30034,163,24,2
30039,244,1,2
30040,250,1,2
30043,272,2,1
30051,169,2,1
30052,267,2,1
30056,209,1,1
30057,212,2,2
30063,196,5,1
30071,229,3,2
30074,204,5,1
30076,271,3,1
30079,7,7,2
30080,247,3,2
30082,253,4,1
30083,260,1,1
30084,252,1,1
30087,177,7,1
30089,223,1,2
30093,175,2,2
30095,231,2,2
30096,229,2,1
30097,266,1,1
30098,260,1,2
30099,259,1,1
30101,188,6,1
30105,273,2,1
30110,265,13,1
30111,246,6,1
30116,195,6,1
30120,268,2,2
30122,272,3,2
30123,264,4,2
30124,268,2,1
30126,272,1,2
30127,265,3,2
30128,272,1,1
30129,7,6,2
30131,212,2,1
30134,7,5,2
30138,196,8,2
30139,259,2,1
30144,204,3,2
30146,253,4,1
30157,269,3,2
30159,238,9,2
30160,8,13,2
30161,202,1,1
30166,258,15,2
30171,255,11,1
30175,202,3,1
30181,189,12,3
30185,211,1,1
30188,253,1,2
30190,189,18,2
30198,212,2,2
30199,253,1,1
30200,233,2,2
30201,248,1,1
30202,252,1,1
30203,260,1,1
30205,252,2,1
30207,266,4,2
30209,262,9,1
30210,252,1,2
30213,241,1,1
30217,253,4,1
30218,199,2,1
30224,199,3,1
30228,254,5,1
30229,261,3,1
30234,213,1,2
30236,260,3,1
30238,175,2,1
30242,231,9,1
30243,245,2,1
30246,167,2,1
30254,233,3,2
30257,192,8,2
30260,195,8,3
30264,2,2,1
30272,247,4,2
30274,265,1,1
30275,253,2,1
30277,253,2,1
30285,196,3,1
30287,8,3,2
30301,268,1,1
30305,253,2,1
30310,267,2,1
30313,234,2,2
30314,272,1,2
30318,268,1,1
30324,273,3,1
30325,189,29,2
30334,258,1,1
30336,253,2,3
30337,189,13,2
30342,203,1,3
30349,8,7,2
30353,8,1,2
30355,275,3,1
30360,8,2,2
30370,8,1,2
30371,8,2,2
30372,196,4,2
30373,265,2,2
30374,267,1,2
30375,8,1,2
30379,8,2,2
30380,8,1,2
30381,8,1,2
30385,8,1,2
30389,8,2,2
30390,170,2,1
30391,8,2,2
30395,8,1,2
30396,234,2,2
30399,8,1,2
30406,198,5,2
30407,258,1,1
30410,275,1,1
30412,253,3,1
30416,210,1,2
30417,196,1,1
30418,209,2,1
30422,169,2,1
30427,196,1,2
30431,269,2,1
30434,274,2,1
30435,274,1,1
30438,274,2,1
30442,267,1,1
30443,261,1,2
30444,275,2,1
30445,232,4,2
30446,175,3,1
30448,251,2,1
30449,266,4,2
30452,196,1,1
30453,260,2,1
30455,80,1,2
30456,205,1,1
30459,211,1,3
30460,267,1,2
30469,216,4,1
30471,8,1,2
30477,8,2,2
30480,177,2,1
30483,261,1,2
30485,198,1,1
30493,189,27,2
30496,224,1,1
30500,272,2,1
30501,8,3,2
30505,202,1,2
30510,80,15,1
30511,8,2,2
30512,8,1,2
30513,8,1,2
30516,276,1,1
30518,260,1,1
30519,258,4,1
30522,252,2,1
30526,206,8,2
30528,230,1,1
30545,276,2,1
30546,254,1,2
30556,199,4,1
30557,212,4,1
30559,272,2,1
30560,253,1,1
30561,190,5,2
30562,251,2,3
30568,8,10,2
30572,273,1,1
30574,9,2,2
30575,213,2,1
30582,214,1,1
30584,9,3,2
30585,213,9,1
30586,9,7,2
30594,268,6,2
30596,9,2,2
30598,190,27,2
30600,256,14,1
30603,245,5,2
30608,275,2,1
30609,200,1,1
30610,9,3,2
30613,9,5,2
30615,212,1,2
30618,92,1,3
30621,253,1,1
30626,254,2,1
30632,274,2,1
30637,268,9,2
30638,182,2,1
30646,214,1,1
30649,212,2,1
30663,252,1,1
30667,245,3,1
30668,9,1,2
30672,212,4,2
30675,254,2,1
30679,204,1,1
30680,262,1,1
30682,275,1,1
30688,213,1,3
30690,273,1,2
30692,207,2,1
30695,276,1,2
30701,200,4,3
30705,207,3,1
30706,268,1,1
30709,254,2,1
30710,9,2,2
30711,273,2,1
30722,197,6,1
30724,253,1,1
30725,261,1,2
30728,270,2,1
30732,234,1,1
30737,217,1,1
30738,212,5,1
30740,252,1,1
30745,206,5,1
30747,273,7,1
30749,192,4,1
30752,246,1,1
30764,227,5,1
30768,263,4,1
30770,205,6,1
30773,9,2,2
30776,274,1,1
30777,211,3,2
30784,197,1,1
30789,1,7,1
30790,259,1,1
30802,253,4,2
30803,262,1,1
30807,9,1,2
30820,279,2,1
30821,196,7,1
30831,221,1,1
30836,193,13,1
30837,256,2,2
30840,12,2,2
30842,12,4,2
30843,213,2,1
30847,265,4,1
30849,256,1,1
30851,208,3,2
30852,252,2,1
30853,262,2,1
30870,280,1,2
30885,174,9,2
30889,195,15,2
30891,258,1,1
30899,259,4,1
30906,88,1,3
30913,256,1,2
30916,248,9,3
30922,199,3,2
30923,279,1,1
30925,256,7,1
30927,12,3,2
30928,12,1,2
30932,203,7,1
30936,194,6,1
30941,280,1,2
30943,272,9,1
30945,264,3,1
30958,209,12,1
30959,257,2,1
30964,12,1,2
30966,12,2,2
30978,256,1,1
30981,180,2,2
30985,277,4,2
30986,193,7,1
30987,216,1,1
30990,236,4,2
30991,252,4,2
30999,12,1,2
31007,85,1,1
31009,85,1,1
31012,279,2,1
31013,188,2,1
31015,243,1,1
31021,93,1,3
31034,209,1,1
31035,6,1,1
31037,184,2,1
31038,84,3,1
31043,85,2,1
31051,210,3,1
31057,193,1,1
31064,84,1,1
31066,85,3,1
31069,85,1,1
31079,200,5,1
31081,257,1,2
31093,92,1,1
31099,92,1,1
31138,264,1,2
31141,94,2,1
31144,219,12,2
31160,227,2,1
31161,24,1,1
31164,101,1,1
31169,21,5,1
31170,99,8,1
31172,101,1,1
31174,100,1,3
31179,261,1,1
31187,225,3,1
31199,102,6,3
31200,270,1,2
31205,103,7,1
31248,102,4,2
31255,196,2,1
31265,104,1,1
31266,107,2,2
31272,106,1,1
31282,199,6,3
31288,120,1,1
31289,224,4,1
31291,112,3,1
31301,210,7,1
31337,282,1,2
31341,115,4,1
31343,238,2,3
31352,41,1,1
31365,294,2,1
31372,121,2,1
31386,49,3,2
31414,231,2,1
31420,130,2,1
31430,239,13,2
31436,129,5,1
31456,230,2,1
31457,257,1,2
31460,131,2,1
31466,133,1,1
31467,239,1,1
31470,329,1,2
31472,238,2,1
31475,135,1,2
31476,261,3,2
31480,307,1,1
31481,303,1,2
31484,133,3,1
31485,225,4,2
31486,253,1,1
31488,329,4,1
31490,135,2,1
31491,132,2,1
31500,132,3,1
31504,331,2,1
31506,308,2,2
31514,134,2,1
31518,135,5,1
31519,267,1,1
31520,267,1,1
31521,300,2,1
31522,136,1,1
31523,136,1,2
31526,64,2,1
31530,217,8,1
31533,133,4,1
31534,314,2,1
31536,287,1,1
31541,258,3,1
31544,330,1,2
31545,261,3,1
31549,133,6,1
31550,332,5,1
31552,332,2,1
31556,227,4,1
31557,302,3,1
31558,323,2,1
31561,135,3,1
31562,318,1,1
31563,332,1,1
31564,333,1,1
31568,135,3,1
31569,136,5,1
31578,136,2,1
31582,60,2,1
31584,136,6,1
31585,136,1,1
31588,133,1,2
31589,270,3,1
31590,249,7,2
31593,31,2,3
31596,240,1,1
31600,133,3,1
31601,135,1,1
31602,248,12,1
31605,135,2,1
31607,262,4,2
31609,326,1,1
31610,138,1,1
31613,255,2,1
31616,265,3,3
31617,307,5,1
31618,139,1,3
31624,335,1,1
31626,313,9,1
31627,222,17,1
31634,307,1,1
31637,266,2,1
31639,312,1,1
31641,305,15,1
31645,136,5,2
31647,257,16,1
31652,270,1,1
31653,136,1,1
31654,136,7,1
31658,335,4,2
31660,325,1,1
31661,138,2,3
31663,138,1,1
31664,270,1,2
31665,327,2,1
31668,256,3,1
31669,249,15,1
31670,336,1,1
31671,335,2,2
31682,307,1,2
31683,309,4,2
31684,138,2,1
31686,328,1,1
31687,243,4,1
31688,266,3,1
31691,138,1,1
31694,138,6,2
31695,322,1,1
31696,253,2,1
31698,266,2,2
31704,322,2,1
31706,140,1,1
31710,314,1,2
31711,267,2,1
31715,137,3,1
31716,140,2,1
31718,140,2,1
31721,39,2,3
31722,230,3,1
31723,251,2,2
31725,243,2,2
31726,330,1,1
31728,224,22,1
31729,228,10,1
31732,330,1,1
31733,140,1,1
31734,316,1,1
31736,313,1,1
31740,322,1,2
31743,328,11,1
31744,140,3,1
31751,267,3,2
31758,331,1,1
31763,139,2,1
31764,231,4,1
31765,323,1,2
31774,292,25,1
31778,295,1,1
31779,322,3,1
31783,139,4,1
31784,308,4,1
31785,141,7,1
31787,139,5,1
31788,335,1,1
31789,310,1,2
31790,267,4,1
31792,141,2,3
31794,294,1,1
31814,306,2,1
31816,261,2,1
31820,141,3,2
31825,313,1,1
31828,254,7,1
31833,231,2,1
31837,300,1,1
31840,320,8,2
31848,317,4,2
31849,139,4,1
31851,264,3,1
31854,289,2,2
31855,57,3,1
31860,295,3,1
31861,321,5,1
31862,140,2,1
31863,314,3,1
31868,323,1,1
31870,330,1,1
31872,316,3,1
31875,275,2,2
31877,325,1,2
31878,316,6,1
31879,142,1,1
31882,336,1,1
31883,142,4,1
31886,336,1,1
31891,316,2,2
31892,330,1,1
31893,323,1,1
31894,262,1,1
31898,325,1,2
31899,329,2,1
31900,314,8,2
31901,339,2,1
31906,140,4,1
31908,163,1,3
31911,332,3,1
31912,141,5,1
31913,301,1,1
31914,140,1,1
31917,140,6,1
31926,330,1,1
31928,315,3,2
31932,331,1,1
31933,321,6,1
31934,323,1,1
31936,337,1,1
31938,141,7,1
31940,315,2,2
31943,140,2,1
31944,323,5,1
31945,336,1,1
31954,333,2,2
31955,300,8,1
31956,256,2,1
31958,327,2,1
31962,144,1,1
31967,143,6,1
31968,147,3,1
31969,334,1,1
31970,228,5,1
31971,340,2,2
31972,327,1,1
31974,334,1,1
31976,327,1,1
31977,144,2,1
31978,319,1,1
31983,262,5,1
31994,146,1,1
31998,280,2,1
32000,17,1,1
32006,146,1,2
32021,328,1,1
32022,314,2,1
32025,144,1,1
32027,263,1,1
32029,328,1,1
32031,326,2,1
32035,335,1,1
32038,74,2,1
32041,322,1,1
32043,146,1,1
32044,334,1,2
32048,316,1,2
32050,145,3,2
32051,148,1,1
32054,335,1,1
32058,271,2,1
32071,147,2,1
32078,147,3,1
32079,145,3,1
32085,337,2,1
32095,319,1,1
32098,272,3,1
32101,323,2,1
32105,146,1,1
32107,327,3,1
32112,341,2,1
32114,299,4,1
32115,330,1,1
32124,258,2,1
32126,316,3,1
32131,146,1,1
32135,316,1,1
32138,148,6,1
32139,323,3,1
32141,268,2,2
32146,148,4,1
32148,344,1,1
32155,264,1,1
32159,145,1,1
32169,320,2,3
32172,271,1,1
32173,320,2,1
32176,337,1,1
32179,146,2,1
32180,145,9,1
32183,146,4,1
32188,329,1,1
32189,145,5,2
32190,271,3,3
32191,327,2,1
32198,335,3,2
32200,272,1,2
32201,266,3,2
32202,146,3,1
32204,300,1,1
32206,148,2,2
32207,330,2,1
32208,149,1,1
32209,316,2,1
32210,149,2,2
32211,146,2,1
32214,330,1,1
32215,336,1,1
32216,234,3,1
32217,316,1,2
32219,321,1,1
32221,336,1,1
32222,328,2,1
32224,332,3,1
32228,335,1,1
32230,330,1,1
32231,342,1,1
32232,324,1,2
32234,336,1,2
32235,342,1,1
32239,148,1,1
32241,147,1,1
32244,332,2,1
32246,148,1,1
32247,147,1,3
32248,273,1,1
32253,342,3,1
32257,268,2,1
32259,318,1,2
32260,339,1,1
32262,332,1,1
32263,317,1,1
32264,147,1,1
32273,322,3,1
32274,234,4,1
32275,317,12,1
32278,146,4,1
32285,322,4,1
32288,148,1,1
32291,147,7,2
32293,331,1,1
32294,147,2,1
32302,150,1,1
32303,255,1,1
32304,150,1,1
32310,345,4,2
32311,317,4,1
32312,321,7,1
32316,336,1,1
32318,149,8,1
32321,328,2,2
32323,148,1,1
32326,330,2,1
32328,147,6,1
32329,273,1,1
32330,328,2,2
32332,342,2,2
32334,323,1,2
32338,323,1,1
32342,149,5,2
32343,317,2,1
32346,336,1,1
32347,331,1,1
32348,346,1,1
32351,324,4,1
32366,149,1,1
32367,146,9,2
32369,335,2,1
32370,317,1,1
32373,304,2,1
32374,149,1,2
32376,265,13,3
32378,318,5,2
32381,336,3,2
32382,147,3,1
32383,248,2,1
32385,269,2,1
32387,268,1,1
32388,149,2,1
32392,328,1,1
32397,330,2,1
32398,150,4,1
32400,321,2,1
32404,325,4,1
32405,345,1,1
32406,339,2,1
32407,147,1,1
32409,321,3,2
32410,266,1,2
32414,259,4,2
32416,269,3,2
32417,267,1,1
32418,231,16,2
32419,282,2,1
32420,146,5,1
32422,148,1,1
32423,146,4,3
32426,314,4,2
32427,262,5,1
32436,317,2,1
32438,314,5,3
32441,146,5,1
32454,317,3,1
32456,281,1,1
32458,148,5,2
32461,325,2,1
32462,248,2,2
32463,318,1,1
32465,281,1,1
32466,330,8,2
32467,150,1,1
32472,345,2,1
32478,260,5,1
32480,345,2,1
32481,149,2,1
32485,329,1,1
32486,150,1,1
32488,316,1,1
32489,326,3,1
32490,281,1,2
32492,326,1,1
32497,324,1,2
32499,329,2,1
32500,322,1,2
32501,326,1,1
32502,343,2,1
32504,338,1,2
32506,305,6,2
32511,339,6,2
32516,332,3,1
32522,345,2,1
32523,329,2,1
32524,151,1,1
32526,322,3,1
32527,319,4,1
32532,332,1,1
32534,345,2,1
32535,332,1,1
32538,326,3,1
32539,340,5,1
32541,345,2,3
32543,301,4,2
32547,275,2,1
32549,150,2,1
32551,148,1,1
32556,337,2,1
32559,331,1,1
32560,273,3,1
32562,338,3,1
32566,322,1,1
32567,317,1,1
32568,325,1,2
32569,147,2,1
32571,270,2,1
32573,337,3,1
32574,336,2,2
32575,331,1,1
32576,343,2,1
32577,324,1,2
32579,147,4,1
32580,317,1,1
32586,274,5,3
32587,343,1,1
32589,336,2,2
32593,338,5,1
32594,270,1,1
32597,316,3,2
32598,317,2,2
32600,324,2,1
32603,149,4,1
32604,343,1,1
32605,324,1,1
32607,319,4,1
32609,315,11,3
32611,324,24,1
32612,263,2,1
32615,269,2,1
32617,325,2,2
32618,319,2,1
32619,333,1,1
32625,339,1,2
32626,316,1,2
32629,322,2,1
32630,323,3,1
32633,346,1,2
32639,345,1,1
32640,338,1,1
32643,317,1,1
32645,338,2,1
32646,346,2,1
32647,318,1,1
32648,238,2,1
32649,150,1,2
32653,329,2,1
32654,326,1,1
32656,263,3,1
32659,14,2,1
32661,343,1,2
32664,322,2,1
32665,343,1,2
32666,322,1,2
32669,346,3,1
32673,149,2,1
32675,150,3,1
32676,317,1,1
32677,332,2,1
32680,57,2,1
32682,281,1,1
32683,323,1,1
32684,323,1,1
32685,343,1,1
32686,340,3,1
32688,150,1,1
32691,303,5,1
32692,281,1,1
32694,346,1,2
32695,332,1,1
32697,149,1,1
32701,149,2,1
32702,343,1,2
32706,148,8,2
32707,317,1,1
32711,345,1,1
32715,318,2,1
32720,149,2,1
32721,332,2,1
32732,316,3,2
32735,260,2,2
32738,324,2,1
32740,347,1,1
32741,332,2,1
32744,332,1,2
32748,148,1,1
32749,323,4,1
32751,318,1,1
32755,267,1,1
32759,345,2,2
32760,305,3,1
32761,315,4,1
32762,260,7,1
32763,339,1,2
32769,150,7,1
32771,323,3,1
32776,338,2,1
32782,268,4,2
32787,344,1,1
32788,336,1,1
32790,149,3,1
32794,343,2,1
32799,344,1,1
32800,148,1,2
32801,248,4,3
32802,331,1,1
32805,270,4,1
32807,344,2,1
32812,318,1,2
32819,344,3,1
32821,15,1,1
32823,345,3,1
32824,343,1,1
32825,329,2,1
32826,280,1,1
32827,323,3,1
32831,343,2,1
32833,344,1,1
32835,343,1,1
32837,331,1,1
32839,148,2,1
32845,148,1,1
32853,346,3,1
32854,336,3,1
32855,150,2,1
32857,282,2,1
32858,325,1,2
32861,319,1,1
32866,344,1,1
32868,267,1,1
32870,337,1,2
32874,150,2,1
32876,344,2,1
32877,336,2,1
32880,331,2,1
32883,333,1,1
32884,329,1,1
32887,344,4,1
32890,317,2,1
32896,340,7,1
32901,347,2,1
32902,74,4,1
32903,325,1,1
32904,266,2,1
32907,345,2,1
32908,302,3,1
32910,148,2,1
32911,337,1,2
32912,339,1,1
32915,305,20,2
32920,304,1,1
32924,324,1,2
32927,319,2,1
32930,332,15,1
32931,275,7,2
32937,315,11,2
32938,150,1,1
32940,344,2,1
32941,319,1,1
32942,254,2,1
32945,150,4,2
32951,343,2,2
32952,331,1,2
32956,238,2,1
32957,281,1,1
32958,326,2,1
32960,254,6,2
32961,148,4,2
32962,316,3,2
32964,343,1,1
32966,337,9,2
32967,318,6,1
32968,147,2,1
32970,329,2,2
32974,263,2,1
32975,274,3,1
32978,147,4,3
32979,332,6,2
32980,333,1,2
32981,148,1,1
32983,256,1,1
32986,240,2,1
32987,317,1,2
32991,329,2,2
32992,303,5,1
32993,323,7,1
32994,331,10,2
32997,150,2,1
32998,322,4,1
32999,326,1,2
33004,336,2,2
33005,150,2,1
33007,318,2,2
33009,322,15,2
33010,319,3,1
33014,325,2,1
33016,287,2,1
33020,331,1,3
33022,329,1,1
33024,324,2,2
33025,180,1,3
33028,318,1,1
33029,252,4,1
33033,343,3,1
33034,147,1,1
33035,150,7,1
33036,73,1,1
33038,326,2,1
33045,333,2,1
33048,148,1,3
33051,323,9,1
33055,147,1,2
33056,337,1,1
33057,302,1,1
33062,331,1,1
33063,281,1,1
33069,315,2,1
33074,341,6,2
33075,341,2,1
33077,291,6,2
33085,151,1,1
33089,339,1,1
33091,326,1,2
33098,321,1,2
33105,322,2,2
33107,151,1,1
33114,341,1,1
33115,348,1,1
33120,307,3,2
33121,242,1,2
33127,325,3,1
33130,343,4,1
33132,270,2,1
33138,346,2,1
33139,339,3,1
33140,325,2,2
33142,322,4,2
33144,341,2,1
33145,294,3,1
33146,234,4,1
33149,336,4,2
33150,346,1,1
33154,152,1,1
33156,336,6,1
33160,245,5,2
33161,349,3,1
33164,306,3,2
33166,349,3,2
33170,339,1,2
33171,328,1,1
33173,340,1,1
33176,346,1,1
33177,270,1,1
33183,182,1,3
33189,329,1,1
33196,340,2,3
33201,340,1,1
33202,328,3,1
33204,272,3,2
33207,152,1,1
33212,328,5,1
33214,322,8,2
33219,348,3,1
33231,321,2,1
33232,320,2,1
33234,152,3,1
33236,320,1,2
33237,271,1,1
33240,271,1,1
33242,259,1,1
33244,335,4,2
33246,334,3,1
33250,154,2,1
33251,150,2,1
33255,328,8,2
33257,332,3,2
33259,322,2,1
33260,312,1,1
33261,154,1,1
33264,342,1,1
33265,335,1,2
33266,151,4,2
33267,150,3,1
33268,152,2,1
33269,154,2,1
33271,321,3,1
33277,322,4,2
33278,285,1,1
33280,341,2,1
33281,308,2,1
33284,150,5,2
33285,340,2,1
33286,173,1,3
33287,152,1,1
33288,306,4,1
33292,332,2,2
33293,150,2,1
33295,349,2,1
33296,300,2,3
33297,335,1,2
33300,328,5,1
33301,334,1,1
33302,152,1,1
33303,332,2,2
33306,326,1,3
33307,313,1,1
33309,154,2,1
33310,154,1,1
33313,287,19,1
33314,326,1,2
33316,236,6,1
33318,326,1,1
33320,287,3,1
33321,348,3,1
33322,150,1,1
33330,242,8,1
33335,334,3,2
33342,276,6,1
33348,152,21,2
33350,150,2,1
33351,263,7,1
33353,273,3,1
33355,350,1,1
33358,332,3,1
33359,152,1,1
33360,151,3,1
33366,335,1,2
33370,342,1,2
33371,153,4,1
33374,270,2,1
33375,339,2,1
33377,264,2,1
33378,326,1,2
33380,284,1,1
33382,151,4,1
33385,152,2,1
33388,322,1,1
33389,235,19,1
33394,82,1,1
33396,279,5,2
33397,320,2,2
33398,322,2,1
33399,326,1,2
33403,150,5,1
33405,332,6,1
33406,347,1,1
33407,340,2,2
33411,334,1,1
33413,332,4,1
33416,152,2,1
33420,150,9,2
33421,346,1,1
33424,321,1,1
33425,343,3,2
33426,270,5,1
33429,74,4,1
33434,348,2,1
33442,318,3,1
33443,154,1,1
33444,305,1,3
33446,269,2,2
33450,151,2,1
33453,150,3,2
33455,150,10,1
33465,325,4,1
33467,321,5,1
33468,285,1,1
33473,347,1,1
33474,326,1,1
33475,329,3,1
33476,342,1,1
33479,154,2,1
33481,335,9,2
33483,259,2,1
33484,153,1,1
33487,264,9,1
33490,347,1,1
33491,151,3,2
33496,321,2,2
33501,332,4,1
33503,273,1,1
33505,326,1,2
33507,272,2,1
33512,25,7,2
33513,150,7,1
33518,349,1,1
33520,342,2,1
33521,315,1,1
33522,335,5,1
33523,320,1,2
33527,287,6,1
33531,334,3,2
33532,325,4,1
33533,325,1,1
33539,263,9,1
33544,287,3,1
33545,319,18,2
33552,343,3,2
33554,237,4,1
33562,319,3,1
33568,307,1,1
33570,349,1,2
33572,327,2,1
33573,285,1,1
33575,266,5,1
33576,154,1,2
33580,150,5,1
33582,150,4,2
33583,150,1,2
33584,349,2,1
33586,150,3,1
33587,319,2,2
33591,343,1,1
33592,347,2,1
33595,249,5,1
33598,264,2,1
33599,346,1,1
33600,235,13,1
33603,153,2,2
33604,325,9,1
33607,342,4,1
33608,287,3,2
33610,348,2,1
33612,327,2,1
33613,340,1,1
33619,329,7,1
33623,154,4,2
33627,238,12,2
33628,335,12,1
33632,318,10,2
33634,328,3,1
33635,350,1,1
33637,151,5,2
33641,153,1,1
33647,151,7,2
33650,151,3,1
33651,340,4,3
33653,341,1,2
33655,334,1,2
33657,325,1,2
33661,283,2,1
33673,328,1,2
33674,328,8,1
33675,272,1,2
33679,326,3,1
33683,325,2,1
33685,348,1,2
33686,150,6,1
33717,181,1,3
33728,14,5,2
33740,239,13,1
33743,182,1,3
33745,183,4,1
33749,181,1,3
33755,278,2,1
33759,275,1,1
33760,343,2,2
33777,153,7,1
33788,156,1,2
33799,81,3,1
33809,4,1,1
33810,261,2,1
33853,349,1,2
33855,334,2,1
33858,161,1,1
33864,87,1,2
33868,87,2,2
33875,85,2,3
33877,176,1,3
33878,87,5,1
33880,269,1,1
33885,86,1,3
33889,85,1,1
33892,86,2,2
33895,169,1,3
33898,87,1,3
33899,83,2,3
33905,164,1,1
33909,83,6,3
33912,85,1,3
33918,168,1,3
33920,87,1,2
33921,87,1,3
33923,79,1,3
33924,83,7,1
33927,86,3,1
33931,87,2,2
33932,79,1,3
33933,259,2,1
33934,85,2,1
33938,160,2,2
33940,70,2,2
33942,21,1,1
33945,86,2,1
33953,268,2,2
33954,6,2,3
33957,176,1,3
33958,163,1,1
33960,259,2,2
33962,86,3,3
33965,79,2,3
33966,9,3,3
33967,86,1,1
33969,13,1,1
33971,325,1,1
33975,83,1,3
33977,160,7,2
33978,31,4,1
33979,84,1,1
33980,28,3,1
33986,87,2,1
33991,339,1,1
33992,86,1,3
33995,161,1,1
33997,274,4,2
33999,86,1,3
34002,261,5,2
34004,350,2,1
34005,293,2,1
34007,37,1,2
34008,87,3,1
34010,87,1,3
34012,84,3,3
34019,80,1,3
34023,85,2,1
34031,160,1,1
34034,85,1,2
34036,80,1,3
34037,86,1,3
34040,84,1,1
34041,87,2,2
34042,78,2,3
34048,86,1,3
34049,86,1,1
34052,13,5,3
34058,84,1,3
34065,87,1,3
34066,164,2,2
34069,164,1,1
34073,80,1,3
34074,84,8,3
34075,87,1,1
34076,86,5,3
34079,86,1,3
34085,84,7,3
34088,80,6,2
34096,87,1,1
34097,330,4,1
34098,87,1,1
34101,167,1,3
34102,164,1,1
34104,281,3,1
34105,63,2,1
34108,86,1,3
34110,162,2,1
34111,346,2,1
34115,86,3,1
34127,344,5,1
34135,13,1,1
34139,86,1,1
34142,265,3,3
34144,22,3,2
34145,350,2,1
34148,80,2,3
34149,164,4,2
34161,84,3,3
34165,9,2,3
34166,85,2,3
34168,160,5,2
34172,79,1,3
34176,296,1,2
34177,85,2,3
34184,87,1,3
34189,83,3,1
34190,91,2,1
34192,355,1,2
34194,91,3,3
34197,87,3,1
34198,91,1,1
34199,91,1,1
34203,88,2,3
34207,87,1,1
34210,83,3,3
34211,90,1,3
34212,76,1,3
34213,91,1,1
34214,175,1,3
34221,66,1,3
34225,340,1,1
34227,14,1,1
34228,91,2,1
34230,19,1,1
34231,4,1,3
34233,89,4,3
34235,263,4,1
34238,91,2,1
34243,91,1,2
34244,334,1,2
34246,168,1,1
34247,83,3,3
34250,350,2,3
34252,167,2,1
34255,167,4,2
34261,35,3,1
34265,96,1,1
34266,180,1,1
34269,87,1,3
34270,272,1,2
34275,355,2,2
34278,360,1,1
34279,312,3,1
34280,333,2,3
34283,167,3,1
34284,339,2,1
34292,17,5,1
34295,165,5,1
34301,167,1,1
34302,167,1,2
34304,88,1,2
34308,89,1,3
34310,89,9,3
34312,168,2,2
34313,269,4,1
34315,14,3,1
34318,167,6,1
34320,89,3,1
34328,91,1,1
34330,357,15,2
34332,88,10,3
34334,360,2,2
34336,263,2,1
34343,89,2,1
34344,346,3,1
34347,87,2,3
34350,91,1,2
34354,90,2,2
34359,335,3,2
34361,80,3,3
34364,89,3,3
34365,166,1,1
34367,164,2,1
34370,87,12,1
34374,90,7,3
34375,341,3,1
34376,168,11,2
34377,74,14,1
34381,75,1,3
34383,354,2,3
34385,87,6,1
34392,90,1,3
34396,181,1,3
34398,319,1,3
34399,15,3,3
34406,351,3,1
34408,362,1,1
34409,349,1,1
34410,358,3,2
34414,349,2,1
34416,362,3,1
34418,333,5,2
34419,349,2,2
34420,354,9,2
34423,336,1,1
34425,168,1,1
34428,354,2,2
34429,365,2,1
34431,167,6,1
34432,287,6,3
34435,333,7,2
34437,355,6,1
34438,1,1,3
34440,309,9,1
34449,265,2,1
34452,169,3,1
34453,301,1,1
34454,165,4,1
34459,298,2,1
34465,337,4,1
34470,365,1,1
34471,328,1,1
34472,365,2,1
34473,252,3,1
34475,169,1,1
34476,78,8,3
34478,286,1,1
34479,337,3,1
34481,355,2,2
34482,285,1,1
34485,337,3,1
34488,365,1,2
34493,342,7,1
34499,358,2,1
34509,347,1,1
34516,362,2,2
34517,319,4,2
34521,167,1,1
34523,364,1,1
34525,349,2,1
34526,287,1,1
34529,287,2,1
34531,342,4,2
34532,167,1,1
34535,347,1,1
34548,349,2,1
34551,363,4,1
34552,362,3,2
34554,365,1,1
34556,362,1,2
34559,281,8,1
34560,351,1,1
34561,355,1,1
34566,341,7,1
34568,272,2,1
34577,166,2,1
34582,285,1,1
34583,47,11,2
34585,165,4,1
34586,334,2,1
34588,365,2,1
34596,295,3,1
34601,256,9,1
34603,165,4,1
34606,280,2,1
34609,300,1,1
34613,337,4,3
34614,342,1,2
34616,347,1,1
34617,344,1,1
34619,294,4,2
34620,337,1,1
34623,287,1,1
34624,342,1,3
34625,168,4,1
34628,362,9,1
34631,167,6,2
34633,343,3,1
34640,265,2,1
34644,336,1,2
34647,342,2,1
34648,278,3,1
34651,168,2,2
34652,278,5,1
34654,259,2,1
34655,350,2,1
34658,165,5,2
34659,165,5,1
34660,361,3,2
34663,167,1,1
34664,288,2,2
34665,342,2,1
34667,347,1,1
34670,341,3,1
34671,286,6,1
34675,344,1,2
34677,344,2,1
34678,166,15,1
34679,363,3,1
34680,250,3,1
34681,347,1,1
34682,337,1,2
34683,169,1,1
34688,250,4,1
34691,343,1,1
34692,278,23,2
34693,165,2,1
34695,342,1,1
34696,286,1,1
34697,166,2,1
34698,334,2,1
34699,165,5,2
34702,169,5,2
34707,340,2,1
34710,349,7,2
34713,358,5,2
34717,335,1,1
34720,350,1,1
34721,351,11,1
34723,169,3,1
34727,294,7,2
34728,343,2,1
34729,365,2,1
34730,345,2,2
34731,351,1,1
34734,167,1,1
34735,366,2,1
34738,13,12,3
34741,169,2,1
34742,170,1,1
34746,351,1,2
34747,254,5,1
34749,280,6,1
34750,363,1,2
34752,358,1,1
34753,342,1,1
34756,334,2,3
34757,351,2,1
34758,356,1,2
34759,280,3,1
34764,288,17,2
34768,336,2,1
34771,351,2,1
34775,352,3,1
34777,351,1,1
34780,273,2,1
34783,168,1,1
34788,300,1,1
34793,345,1,1
34795,364,3,1
34797,365,3,1
34798,355,2,1
34804,345,1,1
34807,365,1,1
34809,365,1,1
34810,280,2,1
34811,365,1,1
34812,289,4,1
34814,338,2,1
34815,169,2,1
34821,362,5,2
34822,359,3,1
34824,321,1,1
34826,364,1,1
34827,302,1,1
34829,281,2,1
34835,345,1,1
34836,343,4,1
34839,362,1,1
34840,351,2,1
34841,167,3,1
34842,363,3,2
34845,295,5,1
34846,167,1,3
34855,282,3,1
34857,359,3,1
34858,169,1,1
34861,167,1,1
34872,363,1,1
34873,337,1,1
34874,358,1,1
34875,272,3,1
34876,364,3,1
34877,358,2,2
34878,281,15,2
34881,272,2,1
34884,344,2,2
34885,282,4,1
34887,363,2,1
34891,342,1,1
34892,169,5,1
34894,183,1,1
34898,294,1,2
34900,288,5,3
34904,343,2,1
34910,166,1,1
34911,179,1,1
34912,254,14,2
34913,356,2,1
34914,296,2,1
34916,323,1,1
34917,350,1,1
34920,287,8,1
34921,363,1,1
34922,188,1,3
34923,170,4,1
34924,356,1,1
34925,358,1,2
34929,267,4,1
34931,350,1,2
34934,363,1,1
34938,258,2,1
34943,362,4,2
34945,254,23,2
34946,356,1,1
34951,289,1,1
34953,169,1,1
34954,166,5,1
34956,343,2,1
34957,355,1,2
34961,169,12,2
34964,169,2,1
34965,282,3,1
34966,343,1,1
34973,344,1,1
34974,167,4,1
34980,363,1,2
34982,329,9,1
34984,334,2,1
34985,315,20,2
34986,169,2,3
34987,322,3,1
34988,359,2,1
34989,363,2,1
34990,250,2,1
34992,336,2,1
34995,169,2,1
34998,334,3,2
35000,355,1,1
35001,260,3,1
35002,166,7,1
35006,170,2,1
35008,363,1,1
35011,166,3,1
35012,341,2,1
35016,344,2,1
35018,363,4,1
35019,364,1,1
35021,289,1,1
35022,279,4,1
35026,289,2,1
35028,169,3,1
35030,168,3,1
35036,299,2,1
35037,343,2,1
35038,273,4,1
35040,342,1,1
35041,250,2,1
35042,357,1,1
35043,355,1,1
35046,364,1,1
35050,344,1,1
35057,168,1,1
35058,342,2,1
35059,299,1,1
35060,363,1,1
35061,169,4,1
35063,356,4,2
35064,345,5,2
35066,345,3,2
35067,356,2,2
35068,363,2,1
35070,342,2,1
35071,356,2,1
35075,306,1,1
35076,169,3,1
35077,363,4,1
35078,169,1,1
35080,281,4,1
35081,363,1,1
35083,169,2,1
35088,355,2,1
35090,366,2,1
35093,169,2,1
35097,335,6,2
35099,355,4,1
35100,363,5,1
35101,344,2,1
35102,345,1,1
35114,344,3,1
35116,307,1,1
35118,345,2,1
35122,254,5,1
35126,167,4,1
35127,344,1,1
35133,289,5,1
35136,346,1,2
35137,169,1,1
35138,171,1,2
35140,295,5,2
35142,295,1,1
35145,266,20,2
35151,363,5,1
35156,294,1,1
35157,349,4,1
35162,167,2,1
35165,363,2,1
35170,357,1,1
35172,366,2,1
35177,345,1,1
35178,294,1,1
35181,338,1,2
35183,342,2,1
35184,258,6,1
35186,170,2,1
35189,167,2,2
35191,304,7,1
35192,344,2,1
35193,345,1,1
35194,363,1,1
35196,351,1,1
35199,335,5,2
35200,343,1,2
35201,293,1,3
35202,338,2,2
35203,356,1,1
35204,342,2,1
35205,360,2,1
35206,167,2,1
35210,336,12,2
35212,357,2,2
35213,337,2,2
35214,168,2,3
35216,357,3,2
35217,168,1,1
35221,351,1,1
35222,339,1,2
35225,293,1,1
35226,297,2,2
35231,170,3,1
35233,351,1,1
35234,349,3,1
35236,170,3,2
35238,357,2,1
35241,344,4,1
35243,357,1,1
35248,343,4,1
35250,351,1,1
35251,335,7,1
35252,167,5,1
35253,168,3,1
35254,93,1,1
35258,169,5,1
35261,170,1,1
35262,346,2,1
35263,170,1,1
35267,7,2,1
35269,342,1,1
35271,345,2,1
35274,356,2,1
35276,363,1,1
35279,337,1,3
35280,167,2,2
35281,356,3,1
35287,351,1,1
35288,318,4,1
35289,343,2,2
35290,168,1,1
35291,346,5,1
35293,359,4,1
35298,171,4,1
35299,367,1,1
35303,367,1,1
35305,357,1,1
35308,288,1,1
35311,301,1,1
35314,297,3,1
35316,358,9,2
35317,367,1,1
35321,366,1,1
35323,295,1,1
35324,322,5,2
35326,360,3,1
35329,303,1,1
35332,366,1,2
35333,345,2,1
35334,297,3,1
35335,324,2,1
35336,170,4,1
35339,300,2,1
35341,344,2,1
35343,346,2,1
35346,167,5,1
35347,345,1,2
35348,357,4,1
35349,324,2,1
35350,282,5,1
35351,353,1,1
35354,287,2,2
35358,356,11,1
35363,339,1,2
35366,338,2,1
35370,364,1,1
35371,353,2,2
35377,293,3,1
35378,366,1,2
35379,267,11,2
35384,343,2,1
35385,359,1,1
35387,359,1,1
35388,276,1,2
35398,342,2,1
35399,293,3,1
35401,366,2,1
35402,275,1,2
35404,352,1,2
35405,296,5,2
35408,349,4,1
35410,357,2,1
35412,356,1,1
35413,301,1,1
35414,177,1,3
35418,338,1,1
35420,363,2,1
35423,286,3,1
35428,171,2,1
35430,351,1,3
35431,167,4,2
35433,367,1,2
35434,168,4,2
35436,357,1,1
35437,321,3,1
35441,349,1,1
35442,357,1,1
35444,304,4,1
35445,337,6,1
35446,367,2,1
35447,358,1,1
35448,169,3,3
35449,22,2,1
35450,171,2,2
35452,360,3,1
35453,359,1,1
35454,365,1,1
35455,295,2,1
35457,367,1,1
35465,336,1,1
35467,168,1,1
35470,359,1,1
35471,342,1,1
35472,335,3,1
35473,359,3,1
35474,288,2,1
35475,349,2,1
35476,351,2,1
35477,349,1,2
35478,301,1,1
35482,283,4,1
35484,345,2,1
35488,293,5,1
35490,366,2,2
35492,330,17,1
35493,280,5,3
35505,287,3,2
35506,171,3,1
35507,349,1,2
35512,293,1,2
35514,338,2,1
35515,342,1,1
35516,353,2,2
35517,167,1,1
35519,168,3,1
35521,357,1,2
35524,17,2,1
35526,325,3,1
35529,275,2,1
35530,343,4,1
35531,342,4,2
35534,356,2,1
35535,342,2,1
35536,360,6,2
35537,349,2,1
35540,351,2,2
35542,169,1,1
35543,332,3,1
35546,293,1,2
35548,255,5,1
35549,363,2,2
35552,294,1,3
35553,349,2,2
35556,294,1,1
35557,168,1,1
35559,367,2,1
35560,288,1,2
35561,366,2,1
35562,302,1,1
35565,357,1,2
35567,323,30,1
35569,339,7,1
35570,351,1,1
35571,169,3,1
35573,358,2,1
35575,343,5,1
35588,366,2,1
35594,170,5,1
35596,286,1,2
35602,324,3,1
35614,357,1,1
35617,336,7,2
35619,360,4,1
35620,253,6,2
35621,337,1,1
35622,293,1,1
35623,324,7,2
35624,169,2,1
35627,367,3,2
35629,353,2,1
35630,358,3,1
35633,359,8,2
35638,344,2,1
35639,360,1,1
35642,170,2,1
35643,170,1,1
35646,170,3,1
35647,365,4,1
35649,358,1,2
35654,361,2,1
35655,368,1,1
35657,281,11,2
35660,42,1,2
35662,360,2,1
35664,359,5,2
35665,295,1,1
35671,360,2,1
35672,364,2,1
35674,288,6,1
35675,290,1,1
35677,368,1,1
35683,170,1,1
35684,169,2,1
35691,350,1,1
35694,368,2,1
35696,367,1,1
35698,172,1,1
35703,290,2,1
35706,358,1,1
35708,287,2,1
35709,303,1,1
35712,368,1,1
35713,283,3,1
35716,343,2,1
35717,364,5,1
35718,304,11,2
35719,170,1,1
35720,354,1,1
35722,303,1,1
35724,171,3,1
35726,353,1,1
35727,256,6,1
35733,323,6,1
35736,350,2,1
35737,172,1,1
35742,172,2,2
35743,298,3,1
35744,322,4,1
35745,302,4,1
35746,368,1,1
35749,344,1,2
35751,368,1,1
35752,263,5,1
35755,281,4,2
35757,262,2,1
35762,303,1,1
35764,170,5,1
35765,282,3,1
35768,368,2,1
35769,347,3,2
35771,347,1,1
35773,360,1,1
35775,67,2,1
35778,366,2,1
35782,340,4,2
35783,170,2,1
35785,343,3,2
35788,347,2,1
35789,287,2,1
35790,303,1,1
35791,338,1,3
35796,345,1,2
35797,368,1,2
35798,172,13,2
35800,367,3,1
35801,172,2,2
35804,350,4,1
35806,295,1,3
35810,368,1,1
35812,323,2,1
35814,326,2,3
35817,172,2,2
35818,340,1,1
35825,344,1,1
35826,308,2,1
35831,343,3,2
35833,172,5,1
35834,368,1,1
35837,367,1,3
35839,343,9,1
35840,359,3,1
35841,366,1,1
35843,361,4,1
35850,262,1,2
35856,339,2,2
35857,298,3,1
35861,172,1,1
35863,172,3,1
35864,170,1,1
35865,337,1,1
35866,340,3,1
35867,364,2,1
35868,343,3,1
35871,66,3,2
35872,350,1,1
35873,368,1,1
35874,170,5,1
35875,172,1,1
35877,353,1,2
35879,171,11,2
35884,261,4,1
35886,168,2,1
35887,170,2,1
35888,85,7,3
35889,359,2,1
35890,169,3,1
35894,350,2,1
35896,358,1,1
35897,361,8,2
35900,185,1,1
35904,344,1,1
35905,358,5,2
35906,366,1,2
35910,340,5,1
35911,338,8,2
35913,368,2,1
35918,367,1,2
35921,336,9,1
35922,303,1,1
35925,275,2,1
35927,368,2,1
35933,367,2,1
35935,298,3,1
35938,364,6,2
35939,358,11,1
35942,168,3,1
35944,252,3,1
35945,343,2,1
35947,170,3,1
35948,347,5,1
35949,360,2,1
35950,361,11,1
35952,170,3,1
35954,322,2,1
35956,298,4,1
35957,366,1,2
35958,359,3,1
35960,337,3,2
35962,343,1,2
35964,368,2,1
35965,347,1,1
35966,347,3,1
35968,359,4,1
35969,347,3,1
35973,350,2,2
35974,296,5,1
35975,367,2,1
35977,337,2,1
35978,340,2,1
35979,367,2,2
35981,354,2,1
35983,171,2,1
35984,367,2,1
35985,268,2,1
35987,312,4,1
35988,368,4,1
35989,365,3,1
35991,172,2,1
35993,347,5,2
35999,301,2,2
36002,181,1,3
36007,365,1,1
36008,358,5,1
36009,323,1,1
36016,346,6,2
36017,339,2,1
36018,353,1,2
36019,255,2,1
36020,304,2,2
36021,343,2,2
36025,175,1,1
36027,306,1,1
36028,270,7,2
36030,371,2,1
36032,370,2,2
36034,28,4,2
36035,370,4,2
36037,350,1,1
36038,171,8,1
36041,362,7,1
36046,340,2,1
36047,342,3,2
36048,349,3,2
36050,368,1,2
36054,343,2,1
36056,172,2,1
36058,343,2,1
36062,171,12,1
36064,172,11,2
36067,304,2,1
36068,278,3,1
36069,325,19,1
36073,369,2,1
36074,173,2,1
36080,306,1,1
36082,173,1,1
36084,371,1,1
36085,360,2,2
36086,271,2,3
36087,299,1,3
36088,370,1,1
36089,350,5,2
36090,96,3,1
36092,356,2,1
36094,342,9,1
36097,357,1,2
36098,350,1,1
36099,305,1,1
36101,173,1,1
36109,277,2,1
36110,370,2,1
36111,284,2,1
36114,364,5,3
36115,276,3,1
36118,356,1,1
36120,370,2,1
36121,284,29,2
36123,353,1,1
36124,284,2,1
36129,339,4,1
36130,308,4,1
36131,264,4,1
36132,265,2,1
36134,356,2,1
36135,14,8,3
36139,348,1,1
36142,370,3,1
36143,301,2,1
36146,305,1,1
36148,349,3,1
36149,350,1,1
36150,174,12,2
36152,285,2,2
36154,370,1,1
36160,370,1,1
36163,370,1,1
36165,350,1,1
36166,256,1,3
36171,343,5,1
36172,362,1,3
36173,350,1,1
36175,367,4,2
36176,367,2,1
36178,173,2,1
36179,326,5,2
36180,362,1,2
36181,349,1,1
36182,370,1,1
36183,300,2,1
36186,174,3,1
36190,370,1,2
36192,336,2,1
36194,347,1,1
36195,172,10,3
36196,259,4,1
36197,300,2,1
36199,347,1,1
36201,370,2,1
36203,350,3,2
36204,368,1,1
36205,305,9,1
36206,284,2,1
36207,266,6,1
36208,367,1,2
36210,326,2,1
36213,364,3,2
36216,367,7,1
36220,369,2,1
36223,343,2,2
36224,301,3,1
36227,350,1,1
36229,173,1,1
36232,350,4,3
36235,308,2,1
36236,369,3,2
36237,174,1,1
36244,174,1,2
36245,339,6,2
36246,349,4,1
36249,301,3,1
36250,264,3,1
36254,370,1,1
36255,369,2,1
36259,370,1,1
36260,305,1,1
36263,301,2,1
36264,356,2,1
36265,285,3,1
36266,301,3,2
36269,369,2,1
36270,304,2,2
36271,340,2,1
36272,306,1,2
36274,367,4,1
36275,367,1,1
36276,347,1,1
36277,172,1,1
36281,364,2,1
36283,333,19,2
36289,286,2,1
36290,340,2,1
36291,368,2,1
36292,367,2,1
36293,304,2,1
36298,171,6,1
36299,300,5,1
36303,363,2,1
36307,347,2,1
36309,305,1,1
36315,300,3,1
36317,341,1,2
36318,350,1,1
36319,369,1,1
36323,357,1,1
36324,360,2,1
36326,350,3,1
36329,369,2,1
36331,348,10,1
36332,343,2,1
36335,284,4,2
36336,333,17,2
36338,364,2,2
36340,336,2,1
36341,346,3,2
36344,347,1,1
36345,305,1,1
36346,287,12,1
36347,348,4,1
36349,347,1,2
36350,349,1,2
36353,364,8,1
36354,307,1,2
36356,304,2,1
36364,173,7,2
36365,361,7,1
36367,369,1,1
36369,173,5,1
36373,349,10,1
36375,370,2,1
36376,342,4,1
36383,285,5,1
36384,299,6,2
36386,301,3,1
36393,369,1,1
36395,173,1,1
36401,367,3,1
36403,305,1,3
36404,347,1,2
36406,347,1,1
36407,361,5,1
36409,353,2,1
36412,361,5,1
36413,356,1,2
36414,292,11,1
36418,348,2,1
36421,264,4,1
36427,329,2,1
36431,370,2,1
36437,277,2,1
36439,347,1,1
36440,325,1,1
36441,357,1,1
36444,300,2,2
36445,350,1,1
36446,173,7,1
36450,298,6,1
36454,173,5,1
36456,325,4,1
36458,339,2,1
36459,334,3,2
36461,356,1,1
36462,370,2,1
36467,361,1,2
36471,362,1,2
36473,371,1,2
36477,285,4,1
36478,356,1,2
36481,370,3,2
36484,350,2,1
36485,351,3,2
36487,370,2,1
36491,361,1,1
36492,347,5,2
36493,351,9,2
36494,172,4,2
36500,363,1,1
36502,175,11,2
36503,365,6,1
36504,371,1,1
36505,341,2,1
36506,288,12,1
36507,172,2,1
36508,172,2,1
36511,370,3,1
36512,343,4,1
36515,176,1,1
36518,350,9,1
36524,292,1,2
36528,277,2,1
36531,330,11,2
36535,370,1,1
36538,351,1,1
36539,350,5,1
36540,357,1,1
36542,309,3,1
36543,370,3,1
36548,358,2,2
36551,350,1,1
36552,175,2,1
36556,361,1,1
36557,354,5,1
36560,306,1,1
36561,371,1,1
36562,344,1,3
36563,351,3,1
36564,306,1,1
36567,357,1,1
36571,326,1,2
36572,260,5,2
36573,172,4,3
36581,349,2,1
36582,370,1,1
36585,371,2,1
36586,175,1,1
36590,363,1,1
36591,370,1,2
36593,295,6,1
36597,258,18,2
36601,175,3,2
36603,364,11,1
36607,342,15,2
36608,347,2,1
36610,349,3,2
36615,369,2,1
36617,271,4,1
36619,356,1,1
36621,173,1,2
36622,371,1,2
36624,173,2,1
36628,363,1,3
36629,288,3,1
36632,370,1,1
36635,354,2,1
36640,347,5,1
36641,175,2,2
36647,363,1,1
36648,349,4,1
36649,326,10,1
36651,306,1,1
36657,301,3,1
36658,344,12,1
36659,309,6,1
36663,351,4,2
36664,351,2,1
36666,258,4,1
36669,329,2,1
36671,370,2,1
36672,357,1,1
36675,364,3,1
36677,342,4,1
36679,370,1,2
36680,361,1,2
36681,292,3,1
36686,172,5,1
36687,301,3,2
36694,308,1,1
36696,354,1,1
36697,285,2,1
36699,368,4,1
36701,326,5,1
36702,349,1,1
36706,85,2,3
36709,369,3,1
36710,175,1,1
36713,285,30,2
36714,362,1,2
36715,286,4,1
36719,369,3,1
36721,342,3,1
36725,327,9,2
36727,364,3,1
36729,357,4,1
36733,298,5,1
36734,364,1,1
36737,301,1,2
36738,370,1,1
36739,301,2,1
36740,361,2,2
36743,172,3,1
36745,368,2,1
36746,365,2,2
36748,369,4,1
36751,369,3,1
36753,306,4,3
36754,361,4,1
36755,350,1,1
36757,300,1,3
36760,294,5,1
36761,173,1,3
36764,342,1,1
36772,173,1,1
36774,343,1,2
36775,350,2,1
36776,175,4,1
36781,347,5,1
36785,369,2,1
36787,356,1,1
36788,347,6,1
36789,349,4,1
36790,357,1,1
36791,258,3,1
36794,369,1,1
36796,350,1,1
36798,363,1,1
36799,363,2,3
36801,175,2,1
36802,274,6,2
36804,368,2,1
36808,365,2,1
36810,361,1,3
36813,174,2,1
36818,343,1,2
36819,351,7,2
36823,370,1,1
36827,342,4,2
36828,348,1,1
36831,350,1,1
36832,369,1,1
36833,362,8,2
36835,328,22,2
36836,263,11,3
36837,357,3,1
36841,309,5,1
36842,330,3,2
36846,286,1,2
36847,175,2,1
36849,371,1,1
36850,344,1,1
36851,350,2,1
36852,350,7,1
36853,350,1,1
36854,286,2,1
36855,357,2,1
36857,357,1,1
36862,174,3,1
36869,357,4,1
36871,370,1,1
36875,300,1,1
36876,365,2,1
36881,259,3,2
36883,71,3,1
36885,357,3,1
36888,335,3,1
36891,299,10,1
36892,350,2,1
36895,344,3,2
36908,287,13,3
36909,278,2,2
36910,174,1,1
36911,334,2,1
36912,369,2,2
36914,369,5,1
36915,357,7,1
36916,329,6,1
36917,351,3,2
36918,172,4,2
36920,337,6,1
36921,347,2,1
36924,369,2,1
36927,278,4,1
36928,330,2,2
36930,371,2,1
36934,351,1,1
36935,354,3,2
36940,278,7,1
36943,172,4,1
36944,361,2,1
36945,344,8,2
36949,342,16,1
36951,328,13,1
36953,287,8,1
36955,356,2,1
36956,364,1,1
36959,369,3,1
36962,363,1,2
36965,307,1,1
36966,342,1,2
36967,334,1,1
36968,347,2,1
36969,349,1,2
36972,330,17,1
36975,345,3,1
36976,175,4,2
36981,366,3,1
36982,350,1,1
36984,175,9,1
36987,357,1,2
36989,278,3,2
36990,265,4,2
36991,362,1,2
36994,366,2,1
36995,175,6,1
36997,358,9,1
36999,355,4,1
37000,355,4,1
37002,174,2,2
37004,331,22,2
37006,345,2,1
37007,175,4,2
37008,345,3,1
37009,174,2,1
37011,37,1,1
37014,351,2,1
37015,366,10,2
37016,370,3,1
37017,371,1,1
37020,364,1,1
37021,301,1,1
37025,362,1,2
37026,351,1,1
37028,370,5,1
37029,370,1,1
37030,301,1,1
37031,287,2,1
37033,363,1,1
37035,351,1,1
37038,174,4,1
37040,348,1,1
37043,363,2,1
37045,359,8,1
37046,359,3,1
37049,350,7,1
37051,370,2,1
37052,307,1,2
37053,365,1,1
37055,348,4,2
37057,357,1,1
37058,365,1,1
37064,364,5,1
37067,259,9,1
37068,370,1,1
37074,370,1,1
37075,299,3,1
37076,358,1,1
37078,349,1,2
37080,301,2,3
37090,260,6,1
37092,174,7,2
37101,274,6,1
37103,358,2,1
37104,175,4,2
37105,176,1,3
37106,176,1,1
37109,342,2,2
37112,370,1,1
37115,348,3,1
37118,355,4,1
37120,301,1,1
37123,351,2,1
37125,364,2,1
37126,364,2,1
37129,369,1,2
37131,327,17,1
37132,370,2,1
37134,301,1,3
37136,299,3,2
37138,349,1,1
37143,345,8,1
37144,371,3,1
37145,358,1,2
37146,349,1,1
37147,364,2,1
37149,278,2,1
37152,363,22,1
37160,350,2,1
37161,357,1,1
37164,364,1,3
37166,299,5,1
37168,327,5,1
37171,359,3,1
37173,370,4,1
37174,370,1,1
37179,331,6,2
37180,358,2,1
37181,366,6,1
37182,352,5,1
37184,365,3,1
37187,331,3,3
37189,176,1,1
37190,343,10,1
37192,345,2,1
37194,351,1,1
37197,370,2,1
37200,342,2,1
37201,364,1,1
37204,265,4,2
37205,176,5,2
37208,362,3,2
37210,336,11,2
37213,359,2,2
37214,370,1,1
37218,330,6,2
37219,370,3,1
37222,370,1,1
37223,370,1,2
37224,364,1,1
37225,327,3,1
37227,349,5,1
37231,370,1,1
37234,344,7,1
37237,173,24,2
37238,343,1,2
37239,364,1,1
37246,351,1,1
37247,174,1,1
37248,371,3,1
37249,327,23,1
37252,348,1,1
37254,369,2,1
37255,174,2,1
37256,300,1,1
37257,348,3,1
37262,370,1,1
37265,173,4,2
37267,369,4,1
37269,176,1,2
37271,349,1,1
37272,369,2,2
37274,370,3,1
37281,175,3,1
37283,176,2,1
37285,352,5,1
37286,295,6,1
37288,350,9,1
37293,300,1,1
37294,174,1,3
37297,50,2,1
37298,370,1,1
37300,364,2,1
37305,348,2,1
37309,299,2,1
37312,173,2,1
37318,349,3,1
37320,173,6,1
37321,357,3,3
37323,369,5,1
37327,359,2,2
37328,362,3,1
37332,355,1,1
37333,344,1,1
37339,369,2,1
37341,364,1,1
37342,300,1,1
37345,330,3,2
37347,362,2,1
37348,369,3,1
37352,174,1,2
37356,364,1,1
37358,300,1,1
37359,343,5,1
37361,174,4,1
37362,338,10,1
37366,296,11,1
37367,293,1,1
37368,364,1,2
37373,302,3,2
37374,344,1,2
37376,370,1,1
37377,278,4,1
37379,174,1,1
37380,357,2,1
37381,370,2,3
37386,370,1,1
37387,173,1,2
37388,363,4,2
37390,278,4,1
37393,370,2,1
37397,370,1,1
37398,173,2,2
37401,357,5,1
37403,345,3,1
37404,357,1,2
37405,343,1,2
37407,308,1,1
37408,355,2,1
37411,293,4,3
37412,348,3,2
37414,303,2,1
37415,351,1,1
37417,338,1,1
37419,363,2,2
37420,351,10,1
37424,310,11,1
37425,350,3,1
37429,341,4,1
37430,303,2,1
37431,264,5,1
37434,331,3,1
37436,350,6,1
37437,174,2,1
37438,364,1,2
37439,174,2,3
37441,292,1,1
37442,293,2,1
37443,370,2,2
37448,299,3,2
37449,13,6,3
37453,359,1,1
37454,278,3,1
37457,370,1,1
37460,363,2,2
37464,370,1,1
37465,268,2,2
37468,364,1,2
37472,364,2,1
37473,364,1,2
37475,363,4,1
37477,369,4,1
37478,299,3,1
37481,350,7,1
37483,343,2,1
37485,351,1,1
37492,335,1,2
37494,288,11,2
37495,257,6,2
37496,357,8,2
37499,176,2,1
37501,365,7,1
37502,370,1,1
37504,370,2,1
37510,173,4,2
37512,370,2,1
37514,370,3,2
37517,176,1,1
37523,343,4,1
37524,173,1,1
37525,344,1,2
37526,265,2,1
37528,344,1,1
37530,358,6,1
37531,371,3,1
37532,176,2,1
37541,360,3,1
37542,302,1,1
37546,267,4,1
37551,293,1,1
37558,366,6,1
37559,259,8,2
37561,358,1,2
37563,370,4,2
37564,365,11,1
37565,358,7,2
37566,287,13,2
37568,261,38,1
37569,365,1,1
37572,371,1,1
37575,344,1,3
37576,174,3,1
37577,309,1,1
37580,351,3,1
37586,174,12,2
37587,352,4,1
37589,329,1,1
37593,352,1,1
37595,297,7,2
37597,371,1,2
37598,371,1,1
37601,351,1,1
37604,352,4,2
37608,175,3,3
37611,332,8,1
37613,352,2,1
37615,287,13,1
37617,353,2,1
37618,370,2,1
37620,364,1,2
37622,343,2,1
37626,350,2,1
37627,175,1,1
37630,352,5,1
37631,304,2,1
37633,358,1,1
37636,346,2,2
37640,345,1,2
37643,365,7,1
37647,288,12,2
37648,330,2,2
37649,350,1,1
37654,177,1,2
37655,175,2,2
37657,370,1,1
37663,349,1,1
37664,359,1,2
37666,339,3,1
37668,174,3,1
37669,360,1,1
37670,352,1,2
37673,367,4,1
37676,36,3,1
37678,345,1,1
37679,280,2,2
37680,300,3,1
37684,175,1,1
37687,266,1,1
37688,300,1,1
37691,177,1,3
37692,344,1,1
37696,352,2,1
37698,352,2,1
37699,358,1,3
37700,370,1,1
37702,345,5,1
37704,352,1,1
37705,177,7,1
37706,367,2,2
37709,300,1,3
37710,364,1,1
37712,358,1,2
37713,371,3,1
37715,177,2,1
37717,365,1,1
37722,301,1,1
37726,370,2,1
37727,365,2,1
37728,370,1,1
37732,370,2,1
37733,332,1,1
37734,350,1,2
37738,370,2,1
37740,363,2,2
37741,367,1,1
37742,370,1,1
37743,364,2,1
37745,356,10,2
37746,360,3,2
37749,356,1,2
37752,14,1,1
37753,352,1,2
37756,177,2,1
37757,363,1,1
37760,276,2,1
37761,364,1,1
37762,350,1,2
37763,282,3,2
37765,364,1,1
37766,364,1,1
37767,346,1,1
37774,360,4,1
37775,345,2,2
37777,176,5,1
37780,364,1,1
37781,175,2,1
37786,360,1,2
37788,352,2,1
37792,370,8,2
37798,290,2,1
37799,296,3,1
37803,358,8,1
37804,370,1,1
37809,370,2,1
37810,336,2,1
37812,356,2,3
37813,345,3,2
37815,370,1,2
37817,365,1,1
37823,337,4,1
37824,330,10,2
37829,370,1,1
37830,287,4,1
37832,351,1,1
37833,360,1,1
37834,353,2,1
37835,175,6,2
37836,360,3,1
37838,358,2,1
37844,360,10,1
37845,367,4,1
37846,370,2,1
37848,303,3,2
37849,358,2,1
37850,352,1,2
37852,265,2,1
37854,370,2,1
37855,349,1,1
37858,346,1,1
37861,349,3,1
37865,322,3,3
37867,330,3,2
37872,364,1,1
37873,360,2,1
37877,346,2,1
37878,351,2,1
37880,345,2,1
37882,339,2,1
37884,370,1,1
37896,177,7,1
37899,352,1,1
37900,342,14,2
37903,352,3,1
37906,352,1,1
37908,370,2,1
37909,345,5,1
37911,356,1,2
37913,339,2,1
37914,287,2,1
37917,364,1,1
37920,346,2,3
37922,177,1,2
37928,373,1,2
37931,370,2,1
37932,287,10,2
37933,174,7,1
37937,178,1,1
37940,350,2,1
37942,358,2,1
37944,346,9,1
37946,331,3,2
37947,370,3,2
37952,353,1,1
37955,366,3,1
37957,344,1,2
37959,289,19,1
37961,350,1,2
37971,356,2,2
37974,360,2,1
37976,352,1,1
37977,350,4,1
37978,360,1,1
37979,332,21,1
37983,300,5,1
37987,371,2,1
37988,365,10,1
37990,174,3,1
37993,370,4,2
37994,174,7,2
37995,373,2,1
37997,349,7,1
38001,364,3,1
38002,370,2,1
38005,353,4,2
38007,346,4,1
38010,367,4,1
38011,349,2,1
38013,366,2,2
38014,364,4,1
38016,365,4,1
38018,374,3,1
38019,322,3,1
38023,363,2,1
38025,363,4,2
38034,175,7,1
38035,356,8,3
38036,296,11,2
38039,310,1,1
38043,297,1,2
38044,353,23,1
38045,352,2,1
38046,367,4,2
38050,366,1,1
38052,365,5,2
38057,365,7,1
38062,296,2,2
38064,344,7,2
38065,351,2,1
38068,365,1,1
38069,324,27,2
38070,259,17,1
38077,343,12,2
38079,371,8,1
38080,350,2,1
38081,372,1,2
38083,356,3,2
38085,175,2,1
38086,371,1,1
38087,356,2,1
38088,371,5,1
38089,352,1,2
38091,364,2,1
38093,359,1,1
38094,361,4,1
38095,371,1,1
38096,294,5,1
38098,361,1,2
38101,360,7,1
38105,373,2,1
38107,366,7,2
38108,352,6,2
38109,371,2,2
38112,176,3,2
38114,366,1,2
38116,357,3,2
38117,346,1,1
38118,344,3,2
38123,360,7,1
38125,262,7,1
38126,298,2,1
38127,365,2,1
38131,301,1,1
38137,365,6,1
38138,353,1,1
38140,176,1,1
38144,345,1,2
38145,298,1,1
38146,176,1,1
38147,371,2,2
38150,319,5,1
38153,371,2,1
38154,344,4,1
38155,368,5,1
38156,361,3,1
38158,340,15,2
38160,365,1,1
38162,365,1,1
38163,343,7,1
38165,368,4,1
38167,368,2,1
38172,352,2,1
38173,331,29,1
38174,291,5,1
38175,365,2,1
38176,359,1,2
38181,340,4,1
38183,364,1,1
38187,364,1,1
38188,357,3,1
38189,310,7,1
38191,291,2,2
38194,351,5,1
38195,175,6,1
38196,364,1,1
38198,371,5,1
38199,368,2,1
38200,176,1,1
38203,365,4,2
38204,178,1,1
38207,352,1,1
38211,277,1,1
38212,177,2,1
38215,357,1,1
38218,266,2,1
38220,371,2,1
38221,330,5,1
38223,347,3,1
38225,345,1,1
38226,291,3,1
38228,351,12,2
38230,302,2,2
38231,304,5,1
38235,361,2,1
38236,311,2,1
38237,350,8,1
38241,364,3,2
38246,360,5,1
38247,277,4,1
38248,368,3,1
38249,364,1,2
38251,371,1,1
38252,365,5,1
38253,353,5,2
38254,361,4,1
38255,353,3,2
38256,346,10,1
38257,354,1,2
38260,176,1,1
38261,364,1,2
38262,297,4,1
38263,312,3,1
38264,347,3,1
38266,368,1,1
38267,298,1,1
38269,367,4,1
38272,179,4,1
38273,352,5,1
38275,352,1,1
38276,274,2,1
38277,368,4,1
38278,345,4,2
38283,343,4,1
38285,368,1,1
38288,361,3,1
38290,88,1,2
38292,297,2,2
38294,368,1,1
38298,350,5,2
38301,329,3,1
38303,345,3,1
38304,364,2,2
38308,345,2,1
38311,361,3,2
38315,298,1,2
38318,367,1,2
38319,360,4,2
38322,368,1,1
38323,368,1,1
38324,337,6,2
38327,353,58,2
38328,345,1,1
38329,176,2,1
38334,368,2,1
38335,323,2,1
38336,361,1,1
38337,365,2,2
38344,329,4,1
38347,175,3,2
38351,359,2,1
38356,298,3,2
38357,175,6,1
38359,340,1,1
38360,359,3,3
38366,352,1,2
38367,373,1,2
38369,175,7,2
38371,270,8,2
38372,364,3,1
38374,309,1,1
38376,268,4,1
38380,298,1,1
38385,330,2,1
38388,176,1,1
38391,345,1,2
38393,371,1,1
38394,373,1,1
38395,337,3,1
38396,352,1,1
38397,361,2,1
38399,368,1,1
38401,359,1,1
38403,361,1,1
38406,350,1,1
38410,372,2,1
38411,361,1,1
38414,352,1,2
38417,276,3,1
38420,372,1,1
38424,371,1,2
38425,364,1,1
38427,295,3,1
38429,347,3,2
38430,333,2,1
38431,354,2,1
38432,178,1,1
38434,175,4,1
38436,352,1,2
38437,298,1,1
38438,352,2,1
38439,312,6,2
38440,350,1,1
38442,374,1,1
38443,347,2,1
38447,352,4,1
38454,360,3,1
38462,372,3,1
38470,178,3,1
38472,361,1,2
38473,351,2,1
38475,297,1,2
38477,353,3,1
38478,367,3,1
38479,346,1,1
38480,330,2,1
38482,294,2,3
38484,366,4,1
38485,274,3,2
38486,359,2,2
38489,343,3,1
38491,366,1,1
38492,352,2,1
38494,357,1,2
38496,176,1,2
38498,176,1,1
38499,367,2,1
38503,364,3,2
38504,294,1,2
38505,330,1,1
38507,351,4,1
38508,352,1,1
38512,351,6,2
38514,297,1,1
38516,373,3,1
38520,359,1,1
38524,359,2,1
38527,296,3,1
38530,297,2,2
38532,371,2,3
38534,176,1,1
38537,371,2,1
38538,332,3,1
38539,298,1,1
38541,352,1,3
38545,352,2,2
38551,373,1,2
38553,373,4,2
38554,353,2,2
38556,337,12,1
38557,374,2,1
38558,368,1,1
38559,346,1,2
38563,354,1,1
38564,372,4,1
38565,177,1,1
38569,373,2,1
38570,359,5,2
38573,288,4,1
38574,365,24,2
38576,333,18,1
38577,352,1,2
38580,346,5,1
38582,340,2,1
38583,347,4,1
38584,177,6,2
38587,298,1,1
38588,178,1,1
38590,372,1,2
38591,365,2,1
38593,364,2,2
38594,177,5,1
38597,368,1,1
38605,366,7,2
38606,178,3,1
38608,175,3,2
38612,367,7,2
38613,365,5,2
38614,368,1,1
38615,360,1,1
38618,359,2,1
38631,368,4,1
38632,347,9,1
38633,371,5,2
38635,365,1,1
38636,368,1,1
38637,361,2,1
38643,364,3,1
38644,364,2,1
38645,371,2,1
38646,291,6,1
38653,352,2,1
38654,368,2,1
38655,179,5,1
38658,361,3,1
38661,374,2,2
38662,331,13,1
38664,347,1,1
38667,353,3,1
38668,361,2,1
38669,175,4,1
38670,297,3,1
38672,298,1,1
38674,357,1,1
38675,372,2,1
38676,366,4,2
38677,359,2,1
38680,371,1,1
38681,346,2,1
38683,333,1,1
38684,371,1,1
38686,345,9,2
38687,343,3,1
38689,368,2,1
38691,375,1,1
38692,365,1,2
38696,367,3,1
38700,175,5,1
38701,175,3,1
38703,331,16,2
38704,359,3,1
38707,179,3,1
38710,351,5,1
38711,332,6,1
38717,333,5,2
38718,343,4,2
38719,359,1,1
38721,352,2,1
38722,350,1,1
38724,330,2,1
38726,312,1,1
38727,364,1,2
38729,175,5,1
38730,364,9,2
38731,366,1,2
38732,350,3,1
38740,356,2,1
38741,178,6,3
38743,178,1,2
38745,179,1,1
38747,368,3,1
38748,355,2,1
38750,357,13,2
38751,178,5,1
38756,348,2,1
38760,334,4,1
38761,355,4,2
38767,178,5,2
38771,364,22,2
38772,371,2,2
38773,362,8,2
38777,350,11,2
38782,364,2,1
38783,349,6,2
38785,371,1,1
38789,360,5,1
38790,362,1,2
38791,354,1,3
38792,298,1,1
38797,368,1,2
38798,179,10,1
38801,349,2,2
38802,180,2,2
38803,367,25,1
38804,363,9,1
38810,350,9,2
38814,178,15,1
38815,350,2,1
38816,293,6,2
38820,300,2,3
38822,356,2,2
38825,348,5,1
38826,370,1,1
38829,304,2,3
38830,367,4,2
38837,299,2,2
38838,355,2,1
38839,355,2,1
38840,178,5,1
38846,350,1,1
38847,368,4,1
38848,264,6,1
38849,180,1,1
38851,180,3,1
38852,362,28,1
38853,364,2,2
38856,266,8,1
38857,355,3,1
38861,370,1,1
38862,355,1,1
38864,370,1,1
38866,363,1,1
38867,349,5,2
38868,180,2,1
38871,357,2,2
38872,180,3,1
38874,363,2,1
38875,180,3,1
38876,367,4,2
38878,369,4,2
38880,367,3,1
38886,293,5,1
38887,364,1,1
38895,363,11,2
38898,178,1,1
38899,350,6,1
38902,354,1,1
38906,178,1,1
38912,334,4,2
38914,370,1,1
38917,346,11,1
38920,349,2,1
38924,304,1,1
38927,360,1,3
38930,341,1,1
38935,370,1,2
38938,355,1,1
38939,298,2,2
38940,370,3,2
38944,269,4,1
38947,348,1,1
38950,340,2,2
38953,178,1,1
38954,178,3,2
38965,367,6,2
38969,370,1,1
38970,362,1,2
38975,180,3,1
38977,360,1,1
38980,353,6,1
38981,370,2,1
38990,370,1,1
38991,357,6,3
38993,355,3,1
38996,355,1,1
39000,294,3,1
39005,178,3,1
39006,264,5,1
39008,263,13,1
39012,335,1,2
39019,349,1,2
39020,364,1,3
39022,355,1,1
39023,349,2,2
39024,356,2,1
39026,332,4,2
39027,297,1,2
39031,74,3,3
39032,367,2,3
39035,178,1,2
39044,350,4,1
39051,370,1,3
39052,315,2,1
39059,178,1,3
39066,367,2,2
39072,370,1,1
39075,362,8,2
39077,279,2,1
39080,347,2,3
39081,178,1,1
39090,374,2,2
39091,301,2,3
39092,370,3,1
39095,355,1,2
39096,355,2,1
39106,306,4,3
39108,355,2,1
39111,356,1,1
39112,279,2,1
39116,354,2,1
39118,336,2,3
39119,362,1,1
39124,356,2,1
39126,364,1,2
39128,378,2,1
39130,178,1,3
39131,374,3,2
39132,350,2,1
39133,360,1,1
39134,347,3,2
39137,355,2,1
39139,321,14,2
39142,349,32,1
39152,315,3,1
39158,341,19,1
39160,370,2,2
39161,311,2,1
39162,299,3,2
39164,273,7,2
39165,364,13,1
39168,178,3,1
39169,356,4,2
39172,354,7,2
39174,355,5,1
39177,280,5,1
39179,349,6,1
39183,333,2,1
39189,346,2,1
39192,374,1,2
39193,272,6,1
39198,350,4,2
39204,178,3,2
39206,374,1,2
39208,356,1,1
39209,300,1,2
39211,350,5,2
39213,291,5,1
39217,355,1,1
39219,349,3,3
39220,355,4,1
39221,356,4,1
39222,336,2,1
39223,348,3,1
39224,364,3,2
39225,356,4,1
39226,336,6,2
39231,301,1,1
39235,349,1,1
39236,355,1,1
39237,374,1,1
39240,329,3,1
39243,279,4,1
39245,362,1,1
39248,355,1,2
39249,353,5,1
39250,356,2,2
39252,355,1,2
39256,360,1,1
39257,368,1,1
39263,369,4,1
39264,346,6,1
39269,360,4,1
39270,354,3,1
39271,262,2,1
39273,336,13,2
39280,355,3,2
39281,360,3,2
39282,357,4,1
39285,355,4,2
39288,350,7,2
39291,363,2,2
39294,362,7,1
39295,329,15,2
39296,279,2,2
39300,350,2,1
39303,355,1,2
39308,300,1,1
39312,350,2,1
39315,314,4,1
39317,355,1,1
39321,364,8,1
39329,367,1,2
39331,374,1,2
39332,341,3,1
39341,278,6,3
39342,356,2,1
39347,356,3,2
39352,368,3,1
39356,308,3,3
39361,298,6,3
39363,108,2,2
39364,60,1,1
39365,106,1,1
39366,95,2,3
39370,109,1,1
39377,186,1,1
39381,108,3,1
39385,93,4,3
39386,95,1,1
39389,14,9,1
39390,59,2,1
39391,10,6,1
39400,63,5,1
39401,93,3,3
39402,94,4,3
39404,310,1,2
39407,183,3,1
39409,184,1,1
39410,94,3,1
39413,94,1,3
39415,101,2,1
39417,95,2,3
39418,98,6,3
39419,379,1,1
39424,94,2,2
39425,186,1,3
39426,107,5,1
39430,92,2,2
39434,101,1,2
39438,103,2,1
39440,187,3,3
39442,88,1,1
39449,97,1,2
39452,108,1,1
39456,321,1,1
39463,185,1,2
39465,35,2,1
39472,186,1,1
39476,40,2,1
39481,83,2,3
39483,363,5,1
39488,96,2,3
39491,272,4,1
39496,35,2,1
39499,111,1,1
39502,18,3,1
39503,306,8,1
39505,97,1,3
39510,103,1,3
39511,353,1,2
39513,21,3,1
39515,111,6,1
39517,88,1,1
39518,186,2,1
39520,305,1,2
39526,35,4,1
39527,101,1,3
39528,10,7,1
39529,363,5,1
39530,103,1,3
39533,190,1,1
39534,105,1,1
39535,104,2,1
39536,97,1,3
39537,19,3,1
39538,104,3,3
39542,97,2,3
39545,98,3,2
39546,35,1,1
39548,97,7,2
39554,40,4,1
39555,285,2,2
39560,40,1,1
39564,105,1,2
39567,97,10,3
39570,103,1,3
39572,97,1,2
39576,285,4,3
39578,287,2,1
39579,358,2,1
39580,105,1,3
39581,97,2,2
39583,35,6,2
39584,96,3,2
39588,29,1,1
39591,113,1,1
39593,40,1,1
39595,42,1,3
39596,70,2,3
39597,98,2,1
39599,102,2,1
39600,99,1,3
39601,98,2,1
39607,112,3,1
39614,188,1,1
39619,287,3,1
39621,98,1,2
39624,98,1,3
39626,102,1,1
39628,308,2,1
39641,77,1,1
39644,112,2,1
39647,349,1,1
39648,98,2,3
39649,97,4,2
39650,97,7,3
39663,103,1,3
39664,212,1,3
39668,43,5,2
39677,41,5,3
39678,97,3,3
39680,114,1,3
39683,105,1,2
39685,99,2,1
39687,188,1,1
39690,98,1,3
39695,41,2,2
39699,309,1,1
39706,100,3,3
39711,99,2,3
39715,89,2,1
39716,103,5,3
39720,310,5,1
39723,187,1,1
39724,99,1,3
39725,71,1,3
39733,100,1,3
39735,309,2,1
39736,100,1,1
39742,10,1,1
39752,90,1,2
39753,90,2,3
39756,94,2,2
39761,84,1,1
39763,95,1,3
39768,314,2,1
39771,80,2,3
39772,41,1,1
39776,293,7,1
39782,20,5,1
39785,124,1,2
39786,196,1,1
39790,348,1,3
39794,90,1,3
39795,91,1,3
39796,83,1,1
39797,347,1,3
39799,192,1,1
39801,69,1,1
39802,83,1,3
39810,39,1,1
39812,81,2,3
39813,119,1,1
39814,38,2,2
39815,196,1,1
39816,119,4,2
39827,28,8,2
39833,82,1,2
39837,192,1,1
39841,84,1,3
39846,92,5,3
39849,281,5,2
39851,194,3,1
39854,120,1,1
39855,385,1,3
39856,81,1,3
39857,96,2,3
39861,301,2,1
39865,28,3,1
39868,95,1,1
39870,95,2,3
39871,120,1,2
39876,67,4,3
39877,298,10,2
39879,82,1,3
39883,28,15,1
39884,96,3,1
39890,92,4,3
39891,95,2,1
39896,60,3,1
39897,120,1,3
39905,60,2,2
39906,95,7,3
39914,368,3,1
39916,27,2,1
39917,56,2,1
39918,84,2,1
39919,60,1,1
39921,55,6,2
39925,78,2,1
39926,113,21,3
39936,92,1,1
39940,293,2,1
39946,92,2,1
39947,96,2,1
39949,91,8,1
39952,55,2,1
39954,71,1,3
39956,86,2,3
39969,195,1,1
39970,125,2,1
39986,121,1,1
39987,119,1,1
39991,96,5,3
39992,28,2,1
39993,307,10,2
39994,44,4,1
39999,90,7,2
40000,119,1,1
40002,90,2,1
40003,96,1,1
40007,85,1,3
40009,391,1,1
40010,96,2,1
40013,96,1,3
40015,83,5,3
40019,72,1,3
40024,119,1,1
40026,119,9,1
40029,34,2,1
40031,391,2,2
40033,79,3,2
40034,93,1,3
40040,85,3,2
40042,27,1,1
40043,44,2,1
40048,20,1,2
40052,309,3,2
40054,94,4,3
40056,126,11,1
40059,79,3,3
40060,91,2,3
40063,78,2,1
40071,122,2,1
40073,80,14,2
40075,119,2,2
40076,126,1,1
40077,85,3,1
40080,98,1,3
40083,391,3,1
40084,297,3,1
40085,77,3,3
40086,119,3,1
40090,94,1,3
40093,79,4,2
40094,97,2,3
40098,196,2,3
40104,126,3,1
40105,17,3,2
40107,79,19,1
40108,107,1,1
40109,50,8,1
40120,80,1,3
40125,87,1,3
40129,86,7,3
40138,99,1,1
40140,94,1,3
40148,67,2,1
40149,94,3,3
40151,57,2,2
40159,123,1,1
40163,95,1,2
40164,98,1,3
40166,304,1,1
40168,92,2,3
40170,95,1,2
40183,91,1,3
40184,91,1,3
40197,97,1,3
40198,89,2,3
40200,101,1,3
40202,130,2,1
40211,102,1,3
40213,83,2,3
40217,202,3,1
40219,85,4,3
40221,294,2,1
40224,318,6,1
40226,113,1,2
40227,95,4,3
40230,319,2,2
40231,105,1,1
40234,357,2,1
40235,330,1,1
40236,101,1,3
40245,207,1,2
40246,98,2,2
40248,56,1,2
40252,312,2,1
40262,301,6,1
40265,89,1,3
40272,89,3,2
40278,207,1,2
40280,105,1,1
40281,108,1,2
40283,90,1,3
40285,390,1,1
40286,67,3,2
40287,32,1,1
40298,81,4,2
40314,85,1,1
40322,92,5,1
40328,134,1,1
40331,91,6,3
40333,62,4,1
40344,399,3,1
40346,314,2,1
40347,92,5,2
40349,211,2,1
40350,211,2,1
40351,95,3,2
40358,138,1,1
40359,95,1,1
40363,108,1,3
40364,140,1,1
40367,104,1,3
40369,90,1,3
40370,109,1,1
40372,90,2,1
40374,109,3,1
40377,105,1,1
40378,89,1,1
40380,141,1,2
40386,64,1,1
40399,393,4,3
40402,65,1,3
40407,377,2,1
40411,125,2,2
40416,77,3,3
40417,91,6,1
40418,395,2,3
40422,342,1,1
40426,388,1,1
40428,330,2,1
40434,225,3,1
40435,399,3,3
40439,147,5,3
40440,49,3,1
40447,80,1,3
40449,72,1,1
40455,233,4,1
40458,389,1,2
40469,324,2,2
40470,317,3,1
40475,340,3,1
40484,391,2,1
40488,347,4,1
40491,385,1,3
40492,75,4,1
40493,78,1,1
40496,386,1,3
40504,159,1,2
40506,61,3,3
40507,412,1,1
40508,152,1,2
40521,82,2,1
40522,62,1,1
40523,229,2,1
40524,385,1,1
40529,156,1,2
40530,391,2,3
40531,61,1,1
40533,82,4,2
40534,156,1,1
40541,348,3,1
40555,78,2,3
40571,163,2,2
40573,163,1,1
40574,80,1,3
40580,89,16,1
40589,181,2,1
40591,405,1,3
40592,434,1,1
40593,363,4,1
40594,252,1,1
40600,251,1,1
40605,118,6,2
40607,92,4,1
40608,96,3,3
40610,96,1,3
40615,92,2,1
40619,96,6,3
40624,35,1,1
40625,92,5,3
40626,96,1,3
40627,104,2,1
40629,97,2,3
40631,63,2,3
40632,93,4,3
40634,93,2,1
40635,64,2,3
40638,97,1,1
40640,110,2,2
40643,97,4,3
40644,69,26,2
40647,93,2,1
40648,93,1,1
40649,97,2,1
40651,97,2,3
40652,97,2,3
40653,356,3,1
40657,98,6,3
40659,98,1,4
40662,112,3,2
40663,98,1,3
40666,184,1,1
40667,185,1,1
40671,98,6,3
40673,98,2,1
40674,260,1,2
40678,185,2,1
40691,394,2,1
40692,63,1,1
40695,382,1,1
40696,99,2,3
40702,95,2,1
40704,99,1,1
40707,99,2,3
40710,99,2,3
40712,459,1,3
40714,179,5,2
40715,95,4,2
40718,99,3,1
40719,99,2,3
40720,99,2,2
40723,99,1,1
40724,99,1,1
40725,99,2,3
40726,99,4,3
40728,259,4,1
40731,95,6,3
40734,99,1,1
40735,99,7,3
40744,98,2,3
40746,131,1,3
40750,70,2,2
40751,102,1,3
40752,440,2,1
40753,375,5,1
40754,102,1,3
40755,98,5,3
40756,102,1,3
40758,185,2,3
40759,98,3,1
40761,397,1,1
40762,102,2,1
40763,102,1,3
40765,383,1,1
40766,102,2,1
40768,68,11,3
40769,102,2,3
40770,194,1,1
40771,185,1,1
40772,130,3,2
40776,102,3,3
40777,161,4,1
40778,98,2,3
40779,102,2,1
40780,102,2,3
40784,190,1,1
40787,190,2,1
40789,70,3,1
40790,190,2,1
40794,103,3,3
40795,14,3,2
40796,103,2,3
40797,106,1,3
40798,263,2,1
40799,103,1,3
40801,90,4,1
40803,99,3,1
40805,81,6,1
40807,112,1,3
40809,190,5,1
40812,461,4,3
40814,99,4,3
40815,274,1,1
40816,190,1,3
40818,81,1,2
40819,103,2,1
40820,190,2,2
40825,78,5,1
40826,70,3,1
40828,99,7,1
40830,461,1,3
40831,78,3,3
40832,103,1,1
40833,99,10,1
40834,116,2,1
40835,103,1,1
40836,461,1,1
40840,190,1,1
40842,462,1,1
40848,369,3,1
40855,191,2,3
40857,104,2,3
40858,104,3,3
40862,104,1,3
40863,463,1,3
40867,104,1,3
40868,79,3,3
40870,100,4,1
40871,104,2,1
40872,117,4,1
40876,79,1,1
40879,104,1,1
40880,422,3,1
40883,104,2,3
40886,104,1,3
40887,114,3,1
40889,104,4,3
40890,365,9,2
40891,117,2,1
40893,267,1,1
40894,93,6,1
40896,51,3,1
40898,104,1,1
40903,457,3,1
40908,189,4,3
40909,104,1,3
40915,104,2,3
40917,104,3,3
40918,100,5,3
40919,104,1,3
40920,104,3,3
40923,100,3,3
40924,68,1,3
40925,36,2,2
40926,104,1,3
40927,104,2,1
40929,104,1,1
40930,78,5,1
40936,104,1,3
40939,68,1,3
40940,100,3,3
40941,104,1,3
40942,104,3,3
40950,105,1,1
40951,105,6,3
40952,105,4,1
40953,94,10,1
40958,189,1,2
40960,105,1,3
40961,127,1,1
40963,364,2,1
40965,105,1,3
40968,105,1,3
40970,430,1,1
40974,188,1,3
40975,69,3,1
40978,105,2,1
40985,105,2,3
40988,192,1,1
40989,191,3,2
40993,105,2,3
40995,92,2,1
40996,105,1,3
40997,105,1,1
40998,101,2,2
41000,112,2,2
41001,105,1,1
41003,442,2,1
41004,78,3,3
41005,190,2,1
41006,113,5,3
41009,105,3,3
41011,90,1,3
41016,105,3,3
41017,101,2,3
41019,105,2,1
41020,90,1,1
41021,462,1,3
41026,105,10,3
41027,83,5,1
41028,265,1,1
41033,101,4,3
41034,106,2,1
41035,37,2,1
41038,99,17,2
41041,73,1,1
41042,120,1,1
41043,127,7,2
41044,106,2,1
41045,106,1,1
41046,106,1,1
41049,106,2,3
41050,268,2,1
41051,102,2,1
41053,403,5,3
41056,106,2,3
41059,79,4,2
41060,463,1,1
41061,84,7,1
41065,102,4,3
41066,102,5,3
41080,106,1,1
41081,270,3,1
41082,84,1,1
41083,191,1,1
41084,267,1,2
41085,102,3,3
41086,457,1,2
41087,88,2,1
41092,106,6,3
41093,102,5,1
41094,273,1,1
41095,84,2,1
41096,459,1,3
41097,83,2,1
41109,109,1,2
41110,82,2,1
41114,454,3,3
41116,397,1,1
41118,83,1,2
41120,81,2,1
41121,105,2,1
41122,196,1,3
41123,199,1,1
41127,82,3,1
41131,84,1,1
41133,78,2,1
41134,379,1,1
41135,197,2,1
41136,173,1,1
41141,124,2,1
41144,84,2,1
41148,386,3,3
41150,461,5,1
41152,118,2,1
41156,117,2,2
41158,107,5,1
41160,84,3,3
41161,183,2,3
41165,141,3,1
41168,84,1,2
41170,271,1,2
41175,84,2,3
41176,79,1,1
41177,197,4,2
41182,112,2,1
41183,199,2,2
41187,90,1,3
41190,87,6,1
41193,90,1,1
41197,79,1,1
41201,204,2,2
41202,90,4,2
41205,85,1,3
41209,90,3,3
41211,183,1,2
41212,91,1,3
41213,86,3,1
41215,91,1,1
41218,462,1,3
41220,197,5,1
41222,86,1,2
41224,91,1,1
41225,91,10,1
41229,80,2,3
41230,88,1,1
41232,88,4,3
41234,91,1,1
41235,428,2,3
41236,91,7,3
41241,109,3,3
41242,184,3,3
41243,200,2,1
41246,94,1,3
41247,88,4,2
41248,194,2,3
41250,83,1,2
41254,94,2,3
41255,279,2,1
41257,90,7,1
41260,95,4,3
41261,92,2,1
41263,90,5,2
41264,392,13,1
41265,193,1,3
41267,92,3,1
41272,117,1,1
41273,120,1,1
41279,95,4,3
41280,95,4,3
41281,410,2,3
41282,401,1,1
41283,85,5,2
41285,107,4,1
41286,114,3,1
41289,96,2,3
41298,474,3,1
41299,93,1,1
41300,93,2,1
41304,92,1,1
41306,202,3,2
41307,119,1,2
41308,475,4,3
41310,97,1,2
41314,94,1,2
41315,477,1,1
41316,94,1,3
41318,95,3,3
41320,478,2,1
41322,95,1,1
41323,280,4,1
41324,95,2,1
41327,108,2,1
41328,94,2,1
41329,95,1,1
41331,95,5,1
41333,130,5,2
41334,88,2,2
41336,164,4,2
41338,94,4,1
41339,116,4,3
41345,93,8,1
41346,98,1,1
41348,110,7,1
41349,98,1,1
41350,97,3,1
41351,54,4,1
41352,101,3,1
41354,98,1,1
41355,283,1,3
41358,101,2,3
41359,147,4,1
41360,98,11,2
41361,474,1,1
41363,55,1,1
41364,97,3,1
41367,98,3,1
41369,157,12,1
41374,99,3,2
41376,102,3,3
41377,204,2,2
41378,476,4,3
41381,288,11,1
41383,98,5,3
41393,98,2,1
41395,130,2,1
41396,386,1,3
41400,100,5,2
41401,213,1,1
41402,213,1,1
41404,15,3,3
41405,94,8,3
41406,189,1,3
41408,99,1,1
41409,463,6,1
41410,380,3,1
41411,94,1,3
41412,99,2,2
41413,98,3,1
41415,93,3,3
41416,213,1,1
41417,93,1,3
41426,94,2,3
41427,94,1,1
41429,157,4,1
41431,91,1,2
41436,100,2,2
41438,93,1,3
41439,93,7,3
41441,100,4,2
41444,127,8,1
41445,94,1,2
41446,186,2,1
41451,186,6,1
41453,97,2,3
41454,98,5,3
41458,189,5,1
41459,94,1,2
41463,84,4,1
41464,103,2,3
41466,294,1,1
41467,293,1,1
41473,95,6,3
41474,94,3,3
41476,102,3,1
41477,96,2,2
41481,292,1,1
41483,92,3,3
41484,99,1,1
41487,98,1,3
41490,97,4,3
41492,92,2,1
41493,96,1,3
41495,131,2,1
41496,95,1,3
41499,98,3,3
41500,95,1,3
41502,95,1,3
41507,79,3,1
41508,139,4,3
41511,100,1,1
41513,99,4,1
41514,97,4,1
41519,295,1,1
41522,191,1,1
41529,132,4,1
41530,98,4,3
41533,99,5,3
41541,91,3,1
41543,95,3,3
41546,38,1,1
41547,224,1,2
41549,81,2,2
41551,37,5,3
41553,100,2,2
41554,80,1,1
41556,129,2,1
41560,95,3,2
41561,95,2,2
41566,24,2,2
41572,92,3,1
41574,105,3,3
41575,105,3,1
41577,105,2,3
41578,99,4,1
41579,106,1,3
41581,105,2,3
41582,134,1,2
41583,103,3,3
41584,105,3,3
41585,91,2,1
41586,104,2,3
41587,106,1,3
41588,92,4,3
41589,105,2,3
41590,104,2,3
41592,103,1,3
41593,103,2,1
41598,135,3,1
41603,479,1,1
41605,107,2,3
41607,114,2,1
41609,88,2,2
41610,31,3,1
41611,92,2,3
41612,113,3,3
41613,112,1,1
41614,141,2,3
41615,99,2,3
41618,100,1,3
41621,114,2,1
41623,45,1,1
41624,46,7,2
41631,95,1,2
41632,50,2,1
41637,114,1,1
41638,228,1,1
41640,105,7,2
41642,98,3,3
41643,120,1,1
41644,119,1,2
41645,120,2,1
41646,239,2,1
41648,121,1,2
41649,121,1,3
41653,41,1,3
41654,120,1,3
41656,121,1,3
41657,50,4,1
41659,119,1,3
41660,119,5,3
41665,122,2,1
41666,122,2,3
41668,108,1,1
41669,93,1,1
41670,120,4,2
41673,141,13,1
41675,107,2,3
41678,142,1,1
41679,119,1,1
41682,115,3,2
41683,94,1,3
41684,119,1,3
41688,109,1,3
41689,191,2,3
41692,169,3,1
41693,133,1,1
41695,410,2,1
41698,63,7,1
41704,40,5,3
41707,193,1,2
41710,495,1,1
41712,58,3,1
41713,107,4,3
41715,114,1,1
41716,216,2,1
41718,96,2,1
41719,187,16,1
41729,92,5,2
41730,183,1,3
41735,58,1,2
41736,183,1,1
41738,175,2,3
41739,321,1,2
41741,93,1,3
41743,183,1,3
41744,184,1,3
41748,187,1,3
41749,102,1,1
41751,187,1,1
41755,62,3,1
41757,102,1,3
41758,131,1,2
41761,98,6,2
41762,113,2,1
41764,67,2,3
41766,216,1,1
41770,327,1,1
41774,48,2,1
41775,152,6,1
41779,120,1,2
41781,134,1,2
41782,182,1,3
41783,182,2,3
41784,42,1,1
41785,68,1,2
41786,139,2,1
41787,57,2,3
41789,99,5,1
41794,57,1,1
41795,183,1,3
41796,183,1,3
41798,518,1,1
41800,50,2,3
41801,85,19,1
41802,182,2,2
41813,246,5,1
41814,140,3,1
41819,136,8,2
41822,168,5,4
41825,69,2,1
41826,183,2,3
41829,105,1,3
41831,97,2,3
41832,184,3,1
41835,184,1,3
41837,183,5,3
41839,135,1,1
41841,185,2,1
41842,183,1,1
41843,60,1,3
41845,119,5,1
41849,183,1,3
41852,241,1,3
41853,126,4,1
41855,182,1,1
41858,57,1,1
41859,57,1,1
41861,147,5,1
41863,143,3,1
41865,165,3,1
41871,187,2,1
41886,187,3,3
41889,186,1,1
41890,137,20,1
41891,109,3,1
41894,62,3,1
41897,104,3,1
41898,183,1,1
41899,336,1,1
41900,183,3,1
41901,195,2,3
41902,258,3,2
41906,337,1,1
41907,183,2,3
41908,187,2,3
41912,146,2,1
41913,184,1,3
41914,189,1,1
41915,183,4,3
41916,106,2,1
41917,334,3,2
41918,183,4,3
41921,184,1,3
41922,184,1,3
41926,208,1,3
41930,188,2,2
41932,335,2,1
41934,128,3,2
41937,149,2,1
41938,184,2,3
41939,185,1,3
41940,107,2,3
41941,175,4,3
41943,184,3,3
41946,183,2,3
41948,107,1,3
41949,139,1,2
41951,106,1,1
41952,183,1,3
41954,184,5,1
41955,185,1,3
41956,161,1,1
41959,74,2,3
41960,182,2,1
41961,184,1,3
41962,185,2,1
41963,430,2,1
41964,183,3,3
41966,52,4,1
41968,126,3,3
41971,76,3,1
41973,200,2,1
41974,153,3,1
41976,77,3,1
41977,185,3,1
41978,185,2,2
41980,180,5,1
41984,111,3,1
41986,188,1,3
41987,186,1,3
41989,158,1,1
41990,267,1,1
41991,75,3,1
41992,180,3,3
41993,515,1,1
42001,81,3,1
42003,111,8,2
42005,183,3,3
42007,148,1,3
42009,56,1,2
42011,180,1,3
42012,76,3,1
42019,112,2,1
42020,181,2,1
42029,82,1,3
42034,272,1,1
42035,194,1,3
42043,188,2,4
42048,269,1,1
42050,80,5,3
42053,204,1,2
42054,269,2,1
42055,78,2,2
42060,148,1,1
42061,155,3,2
42062,86,1,2
42063,520,1,2
42064,342,5,1
42065,213,3,3
42067,183,3,1
42068,148,1,1
42070,149,3,1
42073,158,7,2
42077,184,1,3
42087,270,1,1
42089,197,1,1
42095,171,2,1
42096,80,3,3
42098,182,4,1
42102,161,1,1
42103,186,1,1
42109,186,7,3
42110,81,1,1
42112,186,1,3
42113,164,3,2
42114,160,1,3
42115,171,1,1
42119,101,4,2
42121,98,2,1
42122,273,1,1
42125,83,2,1
42127,351,2,1
42130,182,7,1
42132,187,3,1
42134,70,2,1
42137,183,7,3
42140,85,3,1
42143,273,1,1
42144,187,1,3
42146,154,1,1
42147,82,4,2
42149,85,5,2
42150,84,2,1
42152,142,1,1
42154,162,2,1
42155,275,3,3
42158,184,2,1
42161,90,1,2
42162,511,4,2
42164,192,8,2
42167,87,2,1
42168,84,2,2
42169,80,2,3
42170,94,1,3
42171,462,1,1
42173,94,2,3
42175,91,7,3
42176,91,2,1
42178,209,2,1
42179,88,12,1
42180,96,4,1
42181,90,1,1
42184,144,2,1
42185,189,2,3
42186,96,5,3
42187,194,1,3
42190,96,8,3
42191,97,6,3
42192,95,3,3
42193,91,4,3
42195,95,2,3
42196,92,3,1
42197,91,2,1
42198,91,1,3
42200,190,10,1
42202,91,1,3
42203,89,2,1
42204,190,1,2
42205,89,3,1
42207,89,1,1
42209,90,3,2
42212,195,1,1
42213,90,3,1
42214,195,1,1
42215,195,1,3
42219,97,3,1
42220,96,5,1
42221,96,3,3
42222,97,7,3
42224,148,1,2
42225,91,5,3
42226,92,1,3
42228,91,1,3
42229,378,1,3
42230,93,6,3
42231,93,6,3
42232,170,2,1
42233,196,1,3
42235,92,4,1
42236,92,1,2
42237,92,1,1
42241,279,1,1
42242,192,3,1
42243,92,5,1
42244,99,2,2
42246,97,3,3
42247,196,2,3
42248,463,5,1
42250,97,8,1
42252,91,4,2
42255,92,2,1
42256,98,1,1
42257,97,2,3
42258,192,1,3
42259,192,1,2
42260,197,2,3
42261,93,2,3
42262,197,1,3
42264,197,1,3
42265,92,3,3
42266,95,3,1
42267,94,2,2
42268,277,12,1
42269,98,1,3
42270,91,4,3
42271,94,4,3
42274,101,5,1
42275,93,1,3
42276,93,1,3
42277,93,2,1
42278,92,1,3
42279,92,2,1
42281,93,2,3
42283,92,1,3
42284,92,4,3
42285,92,2,3
42287,91,2,3
42288,92,3,1
42289,95,1,3
42290,200,2,3
42291,95,2,1
42292,200,2,3
42293,94,3,1
42294,94,4,3
42295,94,2,3
42297,94,1,3
42298,96,1,3
42299,200,2,3
42301,200,1,1
42302,196,1,1
42306,178,1,1
42307,287,1,1
42308,208,1,1
42309,196,1,1
42311,94,8,1
42313,200,1,3
42314,94,3,1
42315,88,1,1
42316,96,1,2
42317,175,2,1
42320,95,1,1
42322,94,1,2
42323,94,2,3
42325,96,2,2
42326,94,2,1
42330,91,2,1
42331,97,3,1
42333,91,1,3
42337,201,17,2
42339,208,4,3
42342,91,11,1
42344,95,2,2
42348,95,5,3
42349,97,4,3
42351,97,7,3
42352,93,3,3
42353,85,8,1
42354,205,2,2
42360,92,2,1
42362,183,1,3
42363,97,2,1
42364,96,4,3
42365,91,1,3
42367,184,1,1
42368,205,2,1
42369,85,4,2
42371,184,1,3
42374,99,1,1
42375,94,3,1
42378,189,1,3
42379,188,8,3
42380,214,1,1
42384,188,2,3
42385,103,4,2
42386,186,4,1
42387,103,1,3
42389,105,3,1
42390,168,1,1
42391,188,3,2
42394,190,5,1
42396,184,1,3
42398,171,1,1
42399,97,2,1
42400,120,3,3
42402,199,8,2
42403,182,3,2
42406,183,1,3
42407,182,1,3
42408,230,1,3
42412,185,5,3
42413,184,2,3
42414,242,1,3
42415,191,11,2
42418,310,2,1
42419,105,5,3
42421,114,1,3
42423,95,37,2
42424,536,5,1
42425,189,1,2
42427,185,2,1
42428,186,1,3
42429,283,3,1
42435,196,2,1
42439,116,4,1
42443,217,1,2
42444,186,5,3
42448,385,2,2
42449,283,2,3
42450,183,4,3
42451,190,1,3
42452,188,8,2
42454,188,2,2
42456,190,1,3
42457,184,3,3
42463,275,9,3
42465,191,2,1
42467,387,2,1
42471,156,1,2
42473,185,5,2
42475,190,1,2
42476,156,1,1
42478,188,3,3
42480,188,2,3
42481,191,4,1
42482,115,1,2
42484,126,3,2
42485,195,2,1
42486,175,2,1
42487,182,3,3
42488,194,2,1
42490,193,5,2
42492,189,4,3
42493,111,1,1
42496,193,1,1
42498,189,19,2
42499,186,6,3
42500,195,1,3
42501,194,1,2
42502,124,2,1
42504,196,1,3
42506,199,2,1
42507,231,2,1
42509,206,1,1
42510,182,2,2
42513,127,3,3
42514,231,1,1
42515,205,3,1
42517,126,3,3
42518,196,2,1
42520,197,2,3
42521,199,1,1
42522,182,2,1
42526,196,1,3
42528,198,4,3
42529,202,1,1
42530,315,4,3
42531,124,4,3
42532,203,1,3
42533,189,1,3
42534,186,2,3
42535,257,1,3
42537,202,17,1
42538,200,6,3
42539,294,2,1
42540,131,2,1
42543,188,9,3
42545,165,2,2
42546,309,5,3
42548,203,1,3
42549,210,2,2
42550,201,2,2
42552,133,3,1
42553,206,2,1
42555,195,2,3
42556,202,2,1
42557,203,1,1
42559,313,2,2
42560,209,1,2
42562,220,1,1
42565,196,2,3
42566,210,2,3
42567,193,11,3
42570,143,10,2
42571,122,3,1
42572,216,2,1
42575,189,1,2
42577,197,1,3
42578,197,1,3
42579,176,4,3
42580,209,3,3
42582,197,2,3
42584,246,1,1
42586,200,9,3
42587,218,1,1
42590,232,2,1
42591,198,2,3
42598,119,1,1
42600,189,1,3
42603,91,1,3
42604,192,2,3
42605,192,2,3
42606,343,1,2
42607,210,4,1
42608,83,1,3
42609,48,1,1
42611,96,4,2
42612,270,40,2
42613,91,3,1
42615,196,1,2
42616,105,2,1
42618,148,1,1
42619,64,6,2
42625,279,2,3
42626,92,2,1
42628,194,1,2
42634,91,2,3
42635,92,1,3
42637,97,1,2
42640,91,3,1
42641,91,2,1
42643,90,1,1
42644,194,2,3
42649,224,1,1
42653,33,2,2
42654,195,1,2
42655,252,4,1
42657,196,2,3
42658,90,4,2
42659,91,10,3
42660,90,1,1
42661,161,9,2
42662,282,4,3
42666,87,2,2
42667,196,1,2
42668,93,7,3
42670,274,1,3
42673,225,2,2
42674,91,2,3
42678,347,1,1
42681,196,1,2
42682,276,1,1
42687,225,13,2
42689,210,4,2
42690,93,2,1
42692,94,2,3
42693,94,3,3
42694,272,2,3
42697,91,2,1
42698,67,9,3
42700,91,1,3
42701,115,3,1
42702,285,5,3
42703,95,3,3
42704,195,1,3
42706,95,4,1
42708,97,1,3
42710,95,2,3
42711,94,1,3
42712,280,1,3
42713,97,2,1
42714,234,1,1
42715,161,1,1
42716,201,3,3
42717,544,2,1
42718,283,3,3
42719,301,3,1
42720,245,1,2
42721,151,3,1
42724,88,1,3
42725,202,2,3
42726,307,1,1
42728,96,3,3
42730,92,5,1
42731,95,2,3
42732,104,1,2
42734,96,3,3
42735,50,4,2
42738,92,1,3
42740,92,2,3
42741,92,2,3
42742,435,1,1
42743,92,4,3
42744,238,3,2
42745,92,2,3
42746,92,4,3
42747,100,6,1
42748,93,2,1
42749,92,1,3
42751,202,2,3
42753,147,2,3
42754,92,3,3
42756,436,10,1
42762,92,3,1
42764,93,1,3
42765,93,1,1
42768,93,1,3
42769,93,1,1
42770,286,3,1
42771,275,5,2
42772,97,1,2
42777,555,2,1
42778,164,1,2
42780,91,3,3
42782,286,5,1
42783,83,3,3
42784,433,1,1
42785,91,1,3
42786,98,2,1
42788,204,2,3
42789,91,4,2
42791,149,1,2
42792,91,4,3
42794,241,1,1
42796,93,1,1
42797,90,4,2
42802,436,1,2
42803,142,6,3
42805,102,1,2
42806,98,3,3
42807,120,3,1
42808,92,3,3
42809,206,6,1
42810,127,3,1
42811,92,1,3
42816,164,1,2
42819,91,8,1
42820,96,3,1
42823,209,1,1
42825,91,7,1
42827,95,2,1
42828,287,3,3
42829,95,2,3
42830,155,5,1
42832,264,1,1
42834,172,2,2
42837,96,2,1
42839,109,5,1
42840,109,2,1
42841,281,2,1
42843,92,1,3
42845,93,1,2
42847,301,5,3
42848,96,9,2
42849,82,3,3
42850,92,4,1
42851,174,2,2
42852,357,3,3
42853,124,2,2
42854,48,3,3
42856,91,2,2
42857,366,2,1
42860,104,4,3
42861,92,1,3
42862,92,1,3
42865,181,1,1
42866,92,3,3
42867,180,6,1
42869,99,4,1
42870,181,1,3
42872,94,3,3
42873,276,2,1
42874,184,1,3
42878,97,12,2
42879,182,3,3
42880,83,9,1
42881,150,6,3
42883,184,6,3
42885,98,2,2
42886,234,1,2
42888,113,20,1
42889,191,5,3
42890,176,1,1
42891,174,1,1
42892,181,2,1
42893,183,2,3
42894,181,5,1
42895,93,1,3
42896,178,2,1
42897,169,1,1
42898,276,1,2
42899,100,1,3
42901,184,1,1
42902,365,1,1
42903,176,8,1
42904,288,3,1
42905,297,1,3
42906,94,1,1
42907,87,2,1
42908,93,3,3
42909,175,1,1
42910,176,5,1
42911,242,1,2
42912,182,3,3
42914,182,3,3
42915,183,3,2
42916,64,2,3
42921,274,6,1
42927,182,1,1
42928,175,5,1
42930,188,1,1
42931,129,3,2
42932,280,8,1
42933,115,2,1
42934,97,1,3
42935,221,1,1
42936,101,1,2
42937,187,1,3
42938,305,1,3
42939,94,4,3
42941,333,1,2
42942,446,3,1
42944,179,1,1
42946,181,1,1
42948,185,2,1
42949,101,1,2
42950,188,1,3
42952,92,3,3
42953,558,7,2
42954,92,1,3
42955,183,1,3
42956,92,1,3
42957,92,2,3
42958,469,1,3
42959,260,2,3
42960,104,2,1
42961,92,3,1
42962,182,5,1
42963,183,2,1
42964,92,1,3
42965,182,1,1
42966,92,3,3
42967,92,8,3
42970,93,2,2
42971,92,13,3
42972,92,5,3
42974,183,6,3
42975,183,1,1
42976,183,1,3
42977,182,3,1
42978,92,5,3
42979,183,6,3
42980,92,2,3
42981,187,1,3
42982,156,4,2
42983,92,5,3
42984,180,5,1
42985,181,1,1
42986,190,1,3
42987,91,3,3
42988,91,4,3
42989,188,1,3
42990,188,1,3
42992,188,2,1
42994,91,9,3
42996,90,4,3
42997,190,1,1
42998,174,4,3
42999,92,5,3
43000,183,7,3
43001,184,2,3
43002,183,1,3
43004,183,2,3
43006,182,3,3
43007,297,2,1
43008,90,6,3
43010,183,1,1
43012,181,3,1
43014,183,1,3
43015,182,4,3
43016,183,4,3
43017,183,1,3
43019,149,5,1
43020,184,3,3
43021,182,4,2
43023,182,1,3
43024,374,1,2
43025,92,5,3
43026,260,2,1
43027,93,2,3
43029,186,3,3
43030,170,4,1
43031,92,2,3
43033,182,2,3
43034,185,6,3
43035,616,1,1
43036,187,3,3
43038,97,4,2
43039,91,9,1
43040,91,2,3
43041,186,2,3
43042,91,4,3
43043,185,6,3
43044,185,1,3
43045,95,2,3
43046,186,2,3
43048,91,1,3
43049,94,4,3
43053,94,15,3
43054,189,1,3
43055,91,2,3
43058,195,1,1
43059,262,1,3
43060,63,5,1
43061,183,2,3
43062,56,3,1
43063,183,4,1
43064,183,1,1
43065,561,2,3
43067,561,2,3
43068,181,1,3
43069,185,3,1
43070,385,9,1
43071,553,4,1
43074,555,6,3
43075,94,2,3
43077,262,7,3
43078,182,1,3
43079,189,2,1
43080,192,1,1
43083,184,1,3
43086,185,2,1
43088,130,1,1
43089,189,1,1
43092,175,1,1
43093,264,1,1
43094,311,2,1
43095,294,1,1
43096,167,3,1
43098,126,6,1
43103,189,2,2
43104,189,1,1
43105,187,5,3
43106,187,5,3
43108,265,11,2
43109,195,3,1
43110,176,6,1
43111,103,7,1
43112,182,6,1
43113,130,1,2
43115,176,3,1
43116,384,2,1
43120,100,4,1
43121,91,3,1
43122,267,2,2
43123,92,6,3
43124,184,2,3
43125,140,1,2
43127,187,4,3
43129,184,5,1
43134,273,3,1
43136,187,2,3
43137,89,7,1
43138,86,5,1
43140,183,10,3
43141,204,3,2
43143,192,2,1
43144,177,2,1
43146,87,4,1
43147,192,1,3
43148,388,1,3
43149,461,1,1
43150,191,3,3
43151,191,2,3
43152,87,10,1
43153,125,4,1
43154,268,2,1
43157,270,2,2
43158,186,6,3
43159,171,1,3
43160,102,2,1
43161,192,4,3
43162,203,1,3
43164,274,2,2
43165,191,3,3
43166,93,3,3
43168,133,2,3
43169,60,2,1
43171,189,1,1
43172,592,2,1
43175,176,2,1
43176,182,1,3
43177,89,11,1
43181,182,1,1
43183,109,3,2
43184,288,2,1
43186,130,8,2
43187,123,5,1
43188,152,2,3
43189,203,1,2
43190,390,2,2
43192,322,1,2
43193,180,2,3
43194,180,2,1
43196,198,1,1
43197,86,5,1
43198,110,3,3
43199,280,1,1
43200,467,5,2
43201,180,1,2
43203,181,3,1
43205,133,5,2
43206,244,2,1
43207,181,4,1
43208,87,4,1
43209,122,3,1
43212,281,5,3
43213,178,6,1
43214,181,2,1
43215,183,1,1
43216,92,3,3
43217,205,1,1
43218,179,5,1
43221,179,4,3
43222,91,2,3
43223,179,2,1
43225,186,13,3
43227,394,1,1
43229,91,6,2
43231,88,1,1
43233,179,7,3
43234,278,1,3
43237,585,6,2
43238,188,3,3
43241,286,1,1
43242,206,6,3
43245,89,2,3
43247,279,2,1
43248,181,3,3
43249,90,1,3
43250,181,2,3
43252,181,5,3
43253,90,4,3
43255,181,6,3
43256,326,1,3
43257,90,3,3
43258,154,3,3
43259,182,1,3
43262,181,6,3
43263,182,1,3
43265,478,2,1
43266,184,7,2
43267,348,1,1
43268,70,2,3
43270,478,3,1
43271,91,1,1
43272,107,2,1
43273,98,4,2
43274,90,6,3
43276,91,1,1
43277,181,2,3
43278,91,1,3
43280,184,2,1
43281,207,1,1
43282,93,2,3
43283,182,4,3
43285,339,1,1
43286,182,6,3
43287,124,1,1
43288,315,4,1
43290,98,1,2
43291,91,2,2
43292,185,2,3
43293,96,1,1
43294,181,2,2
43295,181,3,3
43296,203,4,1
43297,195,1,2
43302,182,2,3
43303,215,1,2
43304,188,2,3
43305,480,4,2
43306,302,3,3
43308,194,7,2
43309,274,2,1
43310,124,9,2
43311,91,2,3
43312,95,4,2
43313,182,5,1
43314,181,2,3
43317,155,2,1
43318,321,2,3
43319,285,1,3
43321,183,3,1
43324,290,3,3
43325,343,1,1
43328,101,1,2
43329,276,1,2
43331,184,4,3
43332,188,6,2
43333,101,1,2
43334,90,6,2
43337,187,3,3
43338,181,4,3
43340,90,10,3
43341,326,1,3
43342,188,6,2
43343,229,28,3
43344,91,8,3
43345,330,12,1
43346,291,2,3
43348,106,2,3
43350,421,1,3
43352,184,2,1
43353,178,2,3
43354,182,3,1
43356,295,1,2
43357,178,6,3
43362,326,8,1
43363,88,3,2
43365,137,1,2
43367,116,4,1
43368,191,3,1
43369,667,4,1
43371,90,2,3
43372,181,3,1
43373,311,3,1
43374,334,5,1
43377,342,1,1
43378,181,2,1
43379,90,5,1
43380,337,1,3
43381,92,2,2
43383,174,4,1
43386,223,3,2
43387,181,1,3
43388,181,1,1
43389,271,1,1
43391,350,1,3
43392,115,2,1
43393,184,3,3
43394,94,3,3
43396,370,2,1
43397,370,1,1
43401,374,2,3
43405,626,2,1
43407,186,1,1
43408,180,4,2
43410,185,7,1
43411,186,3,1
43414,108,3,3
43415,430,2,1
43416,307,1,1
43417,426,3,2
43419,241,4,2
43420,319,3,1
43421,363,2,3
43422,314,2,1
43423,363,1,1
43424,118,11,3
43425,98,2,3
43426,210,3,1
43427,341,2,1
43428,236,2,1
43429,349,2,1
43434,160,5,2
43437,186,1,1
43438,314,1,1
43439,258,6,1
43441,182,1,3
43442,173,2,3
43443,206,5,3
43444,199,3,2
43445,241,9,2
43446,181,2,3
43447,187,1,1
43450,188,1,3
43454,186,1,1
43458,393,4,1
43459,182,3,3
43460,182,2,1
43462,182,3,1
43463,187,6,3
43464,348,1,3
43465,595,2,1
43466,242,9,1
43467,179,2,1
43468,182,2,3
43472,181,2,3
43474,181,8,3
43475,181,1,1
43476,183,2,3
43477,183,5,1
43478,181,2,3
43480,181,2,3
43481,378,3,1
43483,311,4,3
43485,246,2,2
43486,178,3,1
43487,381,2,1
43488,181,1,3
43489,182,2,2
43492,182,3,2
43495,185,1,1
43497,364,2,1
43498,367,7,3
43499,181,4,3
43501,185,3,1
43504,183,1,3
43505,181,3,3
43506,376,1,2
43507,181,5,3
43508,648,1,1
43509,181,3,1
43510,202,1,3
43511,292,2,2
43512,330,17,2
43514,254,1,1
43519,182,1,3
43523,251,1,1
43524,247,1,2
43525,304,2,3
43526,184,2,3
43527,185,4,3
43531,521,1,1
43532,182,3,3
43533,182,3,3
43534,185,5,2
43535,165,11,2
43536,182,5,3
43537,369,2,3
43539,186,2,3
43542,186,3,3
43543,334,1,1
43544,192,4,2
43545,192,4,1
43546,181,5,1
43548,143,2,3
43549,182,1,1
43550,202,2,3
43552,363,2,1
43554,521,2,1
43555,326,3,2
43556,182,2,1
43557,180,7,1
43558,452,1,2
43559,181,1,1
43560,187,1,2
43561,179,3,2
43562,449,1,2
43564,182,2,1
43567,329,4,2
43568,182,1,1
43569,126,2,2
43570,182,1,3
43571,181,8,3
43572,182,1,3
43573,182,1,3
43574,181,3,3
43580,181,3,3
43581,182,1,2
43583,223,3,2
43584,191,1,1
43585,198,2,1
43587,633,1,1
43591,426,1,2
43594,398,1,3
43595,190,2,3
43596,196,7,3
43597,182,2,3
43599,189,11,2
43600,196,1,3
43603,183,2,3
43606,90,2,3
43607,90,2,3
43608,89,3,3
43609,61,5,1
43610,95,2,3
43612,182,1,3
43613,180,2,1
43614,88,4,3
43615,92,2,3
43616,182,1,3
43617,181,5,1
43619,89,2,3
43620,182,11,3
43621,53,3,3
43622,78,8,2
43624,208,1,3
43626,243,1,2
43627,195,4,3
43628,6,2,3
43629,274,3,1
43630,90,7,3
43632,99,2,1
43633,89,4,1
43634,89,4,2
43637,89,3,1
43639,241,2,1
43640,87,2,1
43641,55,5,3
43642,90,3,2
43643,87,3,3
43644,87,3,1
43645,91,5,3
43646,10,10,1
43647,90,8,1
43648,90,6,3
43650,98,2,1
43651,211,4,3
43653,66,2,3
43655,268,2,1
43656,88,4,3
43657,200,1,1
43659,88,8,3
43662,94,6,3
43664,53,6,3
43666,273,4,1
43668,371,5,1
43669,77,5,1
43670,86,2,1
43672,181,1,3
43673,89,5,3
43674,182,6,3
43675,181,3,3
43676,392,2,3
43677,58,3,1
43678,182,10,3
43679,267,1,1
43680,181,5,3
43681,180,2,3
43682,460,2,1
43683,182,2,3
43685,50,3,3
43686,181,5,3
43687,90,10,3
43688,387,2,3
43689,89,7,3
43692,183,2,3
43693,280,4,1
43695,91,4,3
43696,182,2,3
43697,91,5,3
43698,181,5,3
43699,181,2,3
43700,87,10,3
43701,182,3,3
43702,87,3,3
43704,90,3,3
43706,71,5,3
43707,84,1,2
43708,87,3,3
43709,178,1,3
43710,178,3,1
43711,87,5,3
43712,275,4,1
43713,183,2,2
43714,316,3,2
43715,179,3,3
43717,182,4,3
43718,185,2,1
43719,92,3,1
43720,179,1,3
43721,92,7,3
43722,178,7,3
43723,179,4,3
43727,88,3,3
43728,670,5,2
43729,243,1,1
43730,186,7,2
43731,181,2,2
43732,181,2,3
43734,258,10,2
43735,181,3,3
43736,159,2,2
43738,182,3,3
43739,28,5,1
43743,89,5,1
43744,85,6,1
43745,110,4,1
43748,186,1,3
43749,361,3,1
43750,357,1,2
43751,90,6,3
43753,87,1,1
43754,359,1,1
43755,56,3,1
43757,202,5,2
43760,87,8,1
43762,91,8,3
43764,193,6,1
43765,87,6,3
43766,386,3,1
43767,281,3,1
43768,74,5,1
43769,85,9,1
43770,361,1,1
43771,185,2,2
43773,89,7,3
43774,133,3,1
43775,95,5,1
43776,89,9,1
43777,77,9,1
43778,378,9,1
43779,389,1,1
43780,353,3,2
43781,365,2,3
43783,111,2,2
43784,88,4,1
43785,181,2,3
43789,358,2,1
43791,551,5,2
43792,328,1,3
43793,205,2,1
43794,391,2,3
43795,89,7,2
43796,205,3,1
43798,90,11,3
43800,182,3,3
43802,135,5,3
43803,555,2,2
43804,183,1,3
43805,161,2,2
43808,178,6,3
43809,479,1,1
43812,414,1,1
43816,219,2,2
43820,279,4,3
43821,36,1,3
43822,368,5,1
43824,63,6,1
43825,93,4,1
43826,184,9,1
43829,28,2,2
43830,196,2,2
43832,35,5,2
43833,77,3,3
43834,202,3,1
43838,557,1,1
43840,166,3,3
43842,292,5,1
43843,237,2,1
43844,91,12,3
43845,188,5,1
43847,140,2,3
43848,97,6,3
43849,687,2,1
43853,278,3,3
43855,557,2,1
43859,117,2,1
43860,92,1,3
43861,182,1,3
43862,182,4,3
43863,181,2,3
43864,140,3,3
43869,183,3,3
43870,128,8,3
43871,50,1,3
43872,64,3,1
43877,367,2,1
43879,181,2,3
43880,371,6,1
43884,404,2,3
43885,651,7,2
43888,686,2,1
43890,92,9,3
43891,92,5,3
43892,93,7,2
43893,92,1,3
43894,64,12,1
43897,93,1,3
43898,92,3,3
43899,188,6,1
43904,97,1,3
43905,116,4,2
43906,96,6,2
43907,94,9,3
43908,384,1,2
43909,186,4,3
43910,384,2,2
43913,130,8,3
43916,425,1,3
43917,181,10,1
43918,459,17,2
43921,384,3,1
43922,98,3,2
43923,98,6,2
43925,92,2,3
43926,376,13,2
43927,224,3,3
43928,389,2,1
43929,98,5,3
43930,285,2,3
43931,99,2,3
43932,48,2,3
43933,377,3,3
43935,504,1,1
43938,181,3,3
43939,183,2,3
43940,94,19,2
43941,296,19,2
43946,139,2,2
43948,227,4,1
43950,52,7,1
43952,134,4,3
43953,185,1,3
43954,71,3,2
43955,92,1,3
43956,49,7,2
43960,124,1,2
43961,578,2,1
43962,84,3,3
43963,183,2,3
43964,145,3,1
43965,674,4,1
43966,225,2,3
43967,107,2,3
43969,183,5,3
43970,320,1,2
43972,292,10,1
43973,385,1,1
43974,91,2,3
43978,386,1,1
43979,416,2,4
43980,94,30,1
43981,185,2,3
43983,219,2,2
43984,687,2,2
43989,150,8,1
43990,389,3,1
43991,179,2,3
43992,388,1,1
43993,141,3,2
43994,142,5,3
43999,318,3,2
44003,94,6,1
44005,94,9,3
44006,144,4,2
44007,186,6,2
44008,392,2,2
44009,94,3,2
44010,94,1,3
44012,63,2,3
44013,182,1,1
44017,182,1,3
44019,186,10,2
44021,586,2,1
44023,95,4,1
44024,287,4,3
44025,91,7,1
44026,139,4,1
44027,91,3,3
44028,204,6,3
44029,165,2,3
44030,182,6,3
44031,84,3,3
44032,362,1,2
44035,153,2,2
44037,411,6,1
44039,756,2,2
44040,105,5,1
44042,450,2,1
44043,195,2,2
44044,391,11,3
44047,296,1,1
44049,183,2,2
44050,169,3,3
44051,93,4,2
44052,150,9,1
44053,745,2,1
44054,514,3,1
44056,93,4,1
44057,295,2,3
44058,119,2,3
44059,199,3,1
44061,128,8,3
44062,417,1,3
44063,422,1,3
44065,109,4,3
44067,155,5,3
44068,85,1,3
44072,88,5,1
44073,88,1,3
44077,515,7,1
44080,424,8,3
44083,194,2,1
44084,92,2,3
44085,85,7,1
44088,386,2,3
44090,776,55,1
44092,260,2,1
44093,251,6,3
44094,460,2,1
44095,433,1,3
44097,115,6,1
44098,412,2,1
44099,181,2,3
44100,521,1,1
44101,162,5,1
44102,148,9,2
44103,371,1,3
44104,87,5,1
44105,87,2,1
44110,450,2,1
44112,381,3,1
44114,87,3,1
44115,239,7,3
44117,367,4,2
44118,161,4,1
44119,396,2,2
44120,301,1,2
44121,683,6,1
44123,252,1,2
44128,159,3,1
44129,77,1,3
44130,158,7,2
44131,185,2,1
44132,185,1,3
44134,529,1,1
44136,277,3,2
44138,182,5,1
44139,182,3,3
44141,182,7,1
44142,194,3,1
44143,412,2,1
44144,122,6,2
44145,181,4,3
44146,181,3,3
44148,210,22,3
44149,91,10,3
44150,181,1,1
44151,181,4,3
44152,377,1,3
44153,412,1,2
44155,181,2,1
44156,91,2,3
44157,182,1,1
44158,181,3,3
44159,181,2,3
44160,335,2,3
44161,439,1,1
44163,182,2,3
44164,182,2,3
44165,166,3,2
44168,181,3,3
44169,93,6,2
44172,209,3,2
44174,180,3,3
44175,183,2,1
44180,415,1,1
44182,184,2,2
44184,181,2,1
44185,181,6,1
44186,91,1,3
44187,181,4,3
44188,182,1,3
44189,342,1,2
44190,184,3,3
44191,181,5,1
44192,182,1,3
44194,182,5,3
44195,415,2,1
44196,456,2,3
44197,244,4,2
44198,183,3,3
44201,182,1,3
44202,407,3,3
44203,182,2,3
44204,179,5,1
44205,281,1,1
44206,179,3,3
44208,179,10,3
44210,228,3,1
44215,182,3,3
44216,183,5,3
44217,91,1,1
44219,84,14,3
44220,182,3,2
44222,183,2,1
44223,85,5,2
44225,276,3,2
44226,458,1,3
44227,276,2,2
44228,234,2,1
44230,311,8,1
44231,164,2,1
44234,532,2,2
44235,190,3,3
44236,281,2,1
44237,92,8,1
44238,215,6,2
44239,95,1,2
44240,481,1,3
44244,791,1,1
44245,133,2,1
44247,288,8,1
44250,412,3,2
44251,156,2,3
44252,701,6,2
44253,92,1,3
44255,342,3,3
44256,412,1,2
44257,178,4,3
44260,531,3,1
44261,792,3,2
44262,160,8,2
44263,177,7,3
44264,94,4,1
44265,413,3,1
44266,179,2,3
44269,445,7,2
44271,101,3,3
44272,179,4,1
44273,93,17,2
44274,535,1,1
44275,88,5,1
44279,182,2,1
44280,180,2,3
44281,339,1,1
44282,221,2,1
44287,91,5,3
44288,784,3,1
44289,292,1,2
44290,389,1,3
44291,419,1,1
44292,326,4,1
44294,455,2,1
44295,172,1,1
44296,259,3,3
44297,171,3,2
44298,90,4,3
44300,180,4,1
44305,181,4,3
44306,181,1,3
44307,181,1,3
44308,91,3,3
44309,287,1,1
44313,182,11,3
44314,91,2,3
44316,184,3,3
44317,181,4,1
44320,92,2,1
44321,93,1,2
44322,148,4,3
44323,233,3,1
44324,181,1,3
44325,491,4,2
44326,182,7,3
44330,182,2,3
44331,440,3,1
44332,183,2,3
44333,181,2,1
44335,184,3,3
44337,90,9,1
44338,97,12,2
44339,178,1,3
44340,184,4,3
44341,267,1,1
44343,174,13,2
44344,431,5,2
44345,150,1,1
44346,182,9,3
44347,183,2,3
44348,270,3,1
44350,182,11,3
44351,92,2,3
44353,134,10,3
44354,179,4,1
44355,430,2,2
44356,91,1,2
44361,336,6,1
44363,342,1,1
44364,94,1,2
44365,276,2,2
44368,455,23,2
44369,342,4,1
44372,95,3,3
44374,542,4,1
44375,277,1,3
44376,180,2,1
44377,392,3,3
44378,286,2,1
44379,108,8,2
44380,109,4,1
44381,129,4,2
44382,185,6,2
44383,272,8,3
44384,188,1,1
44386,446,2,3
44389,180,7,1
44390,180,6,3
44391,470,2,1
44392,181,4,3
44393,180,1,1
44394,340,3,1
44397,181,3,3
44398,181,5,1
44399,251,3,3
44400,95,1,2
44402,1,8,3
44403,1,1,1
44404,1,7,3
44405,1,1,3
44406,182,1,2
44407,187,2,3
44409,181,2,1
44410,92,3,3
44411,1,3,2
44412,180,2,3
44413,92,3,1
44414,1,5,1
44415,92,4,3
44416,181,3,3
44417,92,5,3
44418,1,6,2
44419,92,4,3
44420,182,4,2
44421,13,9,3
44422,1,7,3
44423,92,2,1
44424,1,1,2
44425,435,3,1
44426,1,3,3
44427,96,3,3
44429,1,6,3
44430,1,2,3
44431,181,2,2
44432,2,5,2
44433,2,3,3
44434,181,4,1
44435,97,5,2
44436,92,5,3
44437,92,1,3
44438,182,6,3
44439,86,23,2
44440,92,8,3
44441,182,10,1
44442,472,1,3
44444,181,2,2
44445,91,6,1
44447,717,4,1
44448,437,1,1
44451,183,10,1
44455,174,15,1
44458,92,4,3
44461,178,4,3
44463,94,3,3
44464,93,2,3
44465,179,2,3
44466,93,3,1
44467,295,1,1
44468,182,4,1
44469,364,1,2
44470,178,9,3
44472,3,6,2
44473,88,4,2
44476,91,6,1
44479,461,5,1
44480,291,1,1
44481,182,3,1
44482,94,4,3
44483,95,11,1
44485,46,35,1
44486,91,2,2
44487,182,2,1
44488,181,8,3
44490,782,1,2
44492,356,10,2
44494,182,2,3
44497,728,2,1
44498,181,14,3
44499,95,3,3
44500,127,7,1
44501,181,1,3
44502,181,2,3
44504,414,4,1
44505,187,1,3
44506,109,2,2
44507,182,2,3
44509,518,1,1
44511,181,2,3
44512,286,2,1
44513,180,4,3
44516,183,2,3
44517,308,6,2
44518,181,8,3
44519,433,1,3
44520,180,6,3
44521,181,2,3
44522,91,7,3
44523,182,7,3
44525,183,5,3
44526,286,6,1
44527,182,4,3
44528,182,4,3
44529,21,6,1
44530,178,20,1
44531,828,2,1
44532,182,4,3
44533,182,2,3
44534,91,5,1
44535,182,2,3
44536,185,1,1
44537,31,10,3
44541,178,10,3
44543,181,1,3
44545,91,5,3
44546,524,1,1
44547,651,1,3
44548,182,2,3
44550,179,1,3
44553,182,2,2
44555,91,6,1
44556,92,8,3
44558,179,10,3
44559,562,1,1
44561,182,3,3
44562,43,8,2
44563,78,2,1
44566,183,4,3
44569,371,6,1
44570,116,1,2
44571,761,1,2
44572,185,6,3
44573,182,9,3
44574,95,3,2
44575,159,3,2
44576,95,4,3
44577,111,5,2
44582,174,5,1
44583,188,3,3
44584,185,5,3
44585,136,1,2
44586,492,2,1
44592,304,1,2
44595,192,14,2
44600,14,7,3
44605,775,2,2
44610,455,2,1
44612,92,1,1
44613,123,1,1
44614,186,3,1
44615,92,5,2
44617,300,1,2
44619,186,3,2
44621,187,3,2
44622,457,2,1
44623,183,3,3
44624,29,3,1
44625,44,3,2
44626,93,4,1
44627,579,1,1
44630,92,14,3
44631,92,1,3
44634,92,7,1
44635,208,2,2
44636,183,2,3
44637,371,4,2
44640,91,4,1
44643,92,3,3
44644,188,2,3
44646,189,2,1
44647,86,6,1
44648,478,2,2
44651,493,2,1
44652,458,1,1
44654,94,5,2
44655,184,1,3
44656,290,3,2
44657,182,7,1
44658,388,3,2
44659,363,1,1
44660,79,11,1
44661,464,2,1
44665,184,4,3
44666,183,3,3
44667,94,2,2
44668,760,1,2
44669,95,5,2
44671,466,3,3
44672,36,11,3
44674,93,2,3
44675,185,1,3
44677,185,7,3
44678,182,4,1
44679,182,1,3
44680,185,2,3
44681,465,2,1
44684,656,7,2
44687,188,3,3
44688,75,4,1
44689,276,8,2
44690,125,6,1
44692,280,1,1
44693,504,5,2
44695,96,1,3
44697,391,11,2
44698,145,2,2
44699,831,1,2
44700,490,5,2
44701,521,2,1
44702,97,3,2
44703,297,3,2
44704,185,9,3
44705,108,8,3
44706,432,3,3
44711,186,7,3
44712,655,5,1
44714,221,3,1
44717,186,2,1
44718,186,1,3
44719,186,2,1
44725,102,5,2
44726,427,3,3
44727,92,3,3
44728,184,5,3
44729,187,1,1
44730,184,3,3
44731,370,4,1
44732,184,3,3
44733,92,1,1
44736,183,5,3
44738,184,1,3
44739,91,13,3
44745,183,5,3
44746,183,1,3
44747,92,3,1
44749,182,1,3
44752,92,8,3
44753,93,5,2
44755,749,2,1
44756,365,1,3
44757,92,1,3
44758,191,3,3
44759,254,4,3
44760,254,4,3
44761,200,3,1
44762,186,1,3
44763,185,2,3
44764,93,2,3
44765,394,1,1
44770,187,3,3
44771,199,4,2
44772,490,1,1
44773,199,4,1
44774,96,5,3
44778,186,1,3
44780,92,9,3
44781,64,12,1
44782,216,7,3
44783,524,7,2
44784,398,1,1
44785,91,4,3
44786,838,3,2
44787,91,4,3
44789,187,4,1
44790,92,2,3
44792,184,3,3
44794,75,6,1
44795,274,1,1
44796,246,4,3
44797,183,1,3
44799,769,2,1
44801,184,7,3
44803,469,3,3
44807,535,2,3
44810,91,1,3
44811,587,3,1
44813,185,1,1
44815,202,7,2
44816,792,1,1
44819,149,2,2
44820,91,5,2
44821,183,3,3
44822,195,4,2
44823,778,41,2
44827,63,11,2
44828,81,3,1
44829,92,6,3
44830,854,2,1
44832,183,2,3
44833,779,12,1
44834,373,6,3
44838,850,2,1
44841,771,2,3
44844,184,6,3
44845,184,2,3
44847,371,3,1
44849,594,6,1
44850,190,1,1
44851,184,1,3
44852,184,11,3
44853,184,7,3
44855,195,2,1
44856,184,13,1
44859,842,1,1
44860,238,3,3
44862,589,4,1
44864,92,4,3
44865,779,2,1
44866,603,1,1
44867,59,6,1
44869,484,2,2
44870,92,3,3
44871,182,6,1
44873,489,6,1
44874,62,6,2
44876,188,3,2
44877,391,3,1
44880,184,1,3
44882,190,10,2
44883,486,1,2
44884,53,8,1
44885,409,2,3
44886,444,1,1
44887,197,6,1
44888,91,14,3
44892,193,4,3
44894,280,1,2
44895,94,16,2
44896,279,1,1
44898,95,4,1
44904,187,1,3
44905,92,12,3
44907,680,5,1
44908,491,4,1
44909,61,9,1
44911,92,3,3
44913,232,4,3
44918,98,12,2
44920,94,9,2
44922,92,6,1
44925,808,12,1
44932,96,1,3
44936,99,3,1
44939,204,3,1
44940,184,1,2
44943,485,5,2
44947,503,2,3
44948,245,4,1
44949,105,2,2
44950,331,4,1
44952,134,2,3
44953,144,7,1
44954,91,12,2
44956,102,8,2
44957,88,6,2
44958,179,2,1
44959,91,7,3
44960,91,13,1
44961,690,3,1
44962,140,7,3
44966,772,4,1
44967,108,14,2
44968,95,16,1
44970,91,4,1
44971,231,1,3
44972,104,5,1
44973,182,2,3
44974,266,2,3
44975,774,11,1
44976,95,6,3
44977,182,2,1
44979,363,1,1
44980,95,2,3
44981,182,1,3
44983,430,1,1
44984,381,2,2
44985,503,2,1
44988,95,10,1
44990,526,2,1
44991,165,14,3
44992,91,12,3
44994,92,4,3
44997,431,2,1
44998,183,3,1
44999,427,2,1
45000,182,6,1
45003,182,10,3
45004,183,4,3
45005,92,5,3
45006,92,5,3
45007,183,3,3
45008,237,2,1
45011,92,4,3
45012,182,5,3
45013,182,3,3
45014,420,2,2
45015,91,11,1
45016,192,1,3
45018,93,1,3
45020,372,1,1
45022,528,7,4
45023,160,3,1
45024,500,1,1
45025,826,1,1
45026,92,5,3
45027,105,7,1
45029,213,10,3
45031,274,11,1
45032,92,6,3
45033,93,5,2
45035,111,4,3
45036,95,3,3
45037,616,1,1
45038,804,1,1
45039,94,2,3
45040,185,3,3
45045,96,3,3
45048,96,2,3
45050,95,2,1
45051,160,3,1
45052,92,3,2
45053,95,1,3
45055,151,5,2
45056,92,1,3
45057,137,11,2
45058,93,6,3
45061,181,3,1
45064,183,5,1
45065,96,7,1
45066,92,3,1
45067,149,5,3
45068,182,1,1
45069,175,3,3
45070,183,3,3
45072,302,3,2
45073,91,4,3
45074,90,5,3
45076,238,13,2
45077,94,3,3
45078,181,4,2
45079,181,4,3
45081,104,2,1
45082,91,10,3
45084,183,1,3
45085,148,3,3
45087,92,1,3
45090,88,4,2
45091,91,3,3
45094,182,8,2
45095,92,4,2
45096,94,12,2
45097,195,4,2
45098,91,5,3
45099,185,4,3
45100,94,2,3
45102,173,3,3
45103,185,1,3
45104,284,3,3
45105,97,6,1
45106,182,4,3
45107,490,1,1
45108,94,6,2
45110,185,7,3
45111,508,1,2
45112,186,1,2
45113,97,3,3
45114,120,3,3
45115,144,8,2
45117,103,2,2
45118,547,1,1
45119,183,1,2
45120,91,4,1
45121,805,4,2
45122,442,4,1
45124,91,5,1
45127,541,3,3
45129,91,4,3
45130,91,2,3
45131,96,2,2
45133,92,5,3
45134,91,2,1
45135,92,5,3
45137,368,2,1
45139,543,3,1
45140,40,2,2
45141,96,4,3
45142,185,3,3
45143,95,6,3
45144,96,1,1
45147,871,2,1
45148,97,5,2
45149,38,10,2
45150,186,4,3
45151,188,13,3
45152,378,2,1
45153,92,13,1
45154,95,1,2
45155,456,4,1
45156,91,1,3
45158,92,7,1
45159,99,5,1
45160,96,6,1
45161,96,5,3
45163,91,3,3
45164,92,3,1
45166,95,12,2
45167,390,2,3
45169,57,8,3
45170,229,2,1
45171,110,2,2
45172,555,16,1
45173,92,8,3
45174,104,7,1
45175,92,3,3
45176,93,5,3
45178,374,1,3
45179,92,3,3
45180,100,6,1
45181,27,6,1
45182,118,3,1
45183,187,5,3
45184,96,7,3
45185,22,5,3
45186,92,4,3
45187,104,2,1
45189,550,2,3
45190,92,5,1
45191,188,3,3
45192,183,1,1
45194,33,4,3
45195,187,5,1
45196,187,6,3
45200,530,12,2
45202,184,4,3
45205,40,8,1
45209,184,3,3
45211,188,11,2
